id,northing,easting,altitude,start,stop,sd1500,sd750
101,6091837.98,468619.84,1403.75,741657600,1,1,0
102,6089249.42,468626.01,1401.5,742348800,1,1,0
103,6091856.57,467127.23,1406.9,742348800,1,1,0
104,6093214.94,467823.99,1407.66,743299200,1,1,0
105,6089277.69,470118.65,1399.31,741830400,1,1,0
106,6087951.98,472369.04,1392.13,749088000,1,1,0
107,6093146.75,472375.73,1398.97,741830400,1,1,0
108,6093151.45,466375.6,1410.49,743299200,1,1,0
109,6094504.11,467059.18,1410.17,743299200,1,1,0
110,6093151.03,469383.96,1402.46,741830400,1,1,0
111,6087954.07,473873.11,1391.91,749779200,1,1,0
112,6090552.42,472374.78,1397.27,741830400,1,1,0
113,6089249.41,473121.07,1395.26,749260800,1,1,0
114,6094457.9,471631.53,1402.44,743299200,1,1,0
115,6089247.38,458133.5,1420.59,767404800,1,1,0
116,6094439.11,470137.54,1403.79,743299200,1,1,0
117,6093153.86,470874.13,1402.11,741657600,1,1,0
118,6094442.28,468630.63,1407.5,743299200,1,1,0
119,6091851.8,471630.6,1399.13,741657600,1,1,0
121,6082782.8,467880.07,1393.57,751593600,1,1,0
122,6091858.5,473126.25,1396.79,741830400,1,1,0
123,6089194.49,456646.38,1422.01,767404800,1,1,0
124,6087948.71,457370.82,1418.23,767404800,1,1,0
125,6081469.21,464121.84,1395.66,758851200,1,1,0
126,6090565.77,457321.93,1425.59,767404800,1,1,0
127,6091843.62,458124.53,1427.5,767923200,1,1,0
128,6084047.04,464130.62,1399.23,735350400,1,1,0
129,6091870.3,456638.35,1430.4,767404800,1,1,0
130,6093133.56,457329.46,1432.94,767923200,1,1,0
131,6090554.52,467872.25,1404.25,742348800,1,1,0
132,6086651.72,473126.99,1391.03,747792000,1,1,0
133,6086649.14,471627.25,1393.13,744251085,1,1,0
134,6089329.68,471589.85,1395.34,741830400,1,1,0
135,6086647.51,470127.05,1395.5,743299200,1,1,0
137,6084045.01,477625.37,1383.78,750816000,1,1,0
138,6090545.78,469374.93,1401.51,741830400,1,1,0
139,6091848.95,470130.35,1401.03,741657600,1,1,0
140,6090546.52,470890.71,1399.73,741830400,1,1,0
141,6093144.84,478375.27,1390.19,758246400,1,1,0
142,6087951.94,470879.25,1395.84,742348800,1,1,0
143,6086648.68,468629.07,1397.84,743299200,1,1,0
144,6087950.52,469379.74,1398.26,742348800,1,1,0
145,6085352.01,469379.56,1394.86,743817600,1,1,0
146,6085347.68,470879.45,1392.87,743817600,1,1,0
147,6085352.81,472376.2,1390.78,745632000,1,1,0
148,6086643.18,467128.44,1399.77,743558400,1,1,0
149,6085350.17,467875.58,1396.61,744336000,1,1,0
150,6087952.03,467875.75,1400.64,743299200,1,1,0
151,6089231.77,467117.55,1404.76,743299200,1,1,0
152,6086674.85,462599.09,1404.82,735350400,1,1,0
153,6085344.43,463389.61,1401.65,735955200,1,1,0
154,6085335.61,464872.08,1400.1,735350400,1,1,0
155,6086658.75,464112.86,1403.08,735350400,1,1,0
156,6089264.51,465642.87,1407.32,743299200,1,1,0
157,6087950.55,464897.51,1404.24,743558400,1,1,0
158,6087944.83,466373,1403.1,743558400,1,1,0
159,6090544.77,460363.51,1417.31,767923200,1,1,0
160,6089254.03,461127.06,1413.98,755222400,1,1,0
161,6090547.68,461866.14,1415.7,755222400,1,1,0
162,6090533.48,463455.42,1411.51,755136000,1,1,0
163,6087950.63,461878.5,1408.73,755222400,1,1,0
164,6089235.89,462595.03,1405.6,755222400,1,1,0
165,6087935.28,463397.9,1405.82,755222400,1,1,0
166,6089235.41,464110.14,1407.7,755222400,1,1,0
167,6084048.56,467124.8,1394.84,745632000,1,1,0
168,6084043.69,465657.49,1397.34,745718400,1,1,0
169,6085347.96,466375.57,1398.44,745632000,1,1,0
170,6086636.45,465611.56,1401.24,743558400,1,1,0
171,6091847.02,465642.02,1409.69,755136000,1,1,0
172,6090547.41,464875.23,1409.38,755136000,1,1,0
173,6090521.43,466377.17,1407.97,755136000,1,1,0
174,6091790.51,464075.37,1414.22,755136000,1,1,0
175,6094396.68,462684.55,1420.62,768009600,1,1,0
176,6093143.83,463313.04,1418.24,768009600,1,1,0
177,6093183.51,461876.02,1421.22,768009600,1,1,0
178,6091795.01,462547.84,1417.14,755136000,1,1,0
179,6093194.9,464861.17,1414.36,755136000,1,1,0
180,6087901.5,458849.45,1414.41,767404800,1,1,0
181,6089238.62,459633.98,1417.68,767404800,1,1,0
182,6087964.1,460403.16,1411.78,755222400,1,1,0
183,6094364.96,464154.84,1418.07,767923200,1,1,0
184,6090530.54,458779.49,1423.52,767404800,1,1,0
187,6093129.79,458854.99,1431.57,767923200,1,1,0
188,6093079.77,460413.14,1424.2,768009600,1,1,0
189,6091882.55,461185.04,1419.37,791510400,1,1,0
190,6091852.12,459625.7,1424.02,767923200,1,1,0
191,6084054.23,470125.87,1391.97,745804800,1,1,0
192,6084053.92,468575.67,1393.5,750989136,1,1,0
193,6082744.73,469469.02,1390.87,751075200,1,1,0
194,6084055.39,471627.61,1390.81,745632000,1,1,0
195,6082760.82,472376.6,1388.67,747360000,1,1,0
196,6082759.52,466372.11,1395.29,755654400,1,1,0
197,6082758.34,464875.15,1396.21,755654400,1,1,0
198,6082748.73,470870.79,1390.59,747792000,1,1,0
199,6081502.46,467131.79,1391.56,755654400,1,1,0
200,6081461.94,470125.9,1387.82,755654400,1,1,0
201,6081493.3,468608.78,1391.05,757641600,1,1,0
202,6081467,471625.66,1386.14,755654400,1,1,0
203,6095749.81,469375.88,1407.58,743644800,1,1,0
204,6095743.53,470876.13,1403.17,747187200,1,1,0
205,6095746.02,467869.94,1410.74,743644800,1,1,0
206,6097035.37,470126.17,1404.79,743644800,1,1,0
207,6089251.81,476121.09,1391.62,747360000,1,1,0
208,6086642.32,479126.58,1384.29,757728000,1,1,0
209,6093144.72,473876.47,1395.99,749779200,1,1,0
211,6094446.17,474626.53,1395.84,747187200,1,1,0
212,6094444.46,473124.79,1398.46,749779200,1,1,0
213,6097037.4,471627.57,1400.91,751075200,1,1,0
214,6093145.9,475375.2,1396.19,747187200,1,1,0
215,6095743.76,472378.81,1400.84,747187200,1,1,0
216,6097035.08,473125.91,1403.03,747187200,1,1,0
217,6095739.77,473880.34,1398.17,747187200,1,1,0
218,6091846.5,474626.29,1394.63,747187200,1,1,0
219,6086647.24,474639.87,1389.46,747792000,1,1,0
220,6087945.51,475376.57,1390.1,749779200,1,1,0
221,6087952.54,478382.17,1386.28,757728000,1,1,0
222,6084046.93,473129.35,1388.36,747360000,1,1,0
223,6089247.56,474626.73,1392.04,747360000,1,1,0
224,6084046.53,474625.27,1387.19,747792000,1,1,0
225,6086645.03,476127.44,1389.31,747792000,1,1,0
226,6090545.43,475373.77,1391.84,747187200,1,1,0
227,6086643.8,477627.19,1386.59,748569600,1,1,0
228,6081457.31,477615.81,1383.2,750816000,1,1,0
229,6090555.05,473875.97,1395.05,747360000,1,1,0
230,6090544.73,479875.06,1384.59,758246400,1,1,0
231,6085347.71,475376.69,1387.71,754185600,1,1,0
232,6085347.98,473876.31,1389.63,747792000,1,1,0
233,6087946.52,476874.71,1388.72,749779200,1,1,0
234,6090547.73,476873.47,1390.25,754704098,1,1,0
235,6091858.38,476124.12,1392.96,748569600,1,1,0
236,6087947.42,479876.74,1385.2,757728000,1,1,0
237,6089240.51,477626.35,1388.86,751075200,1,1,0
238,6091849.5,477623.08,1390.19,748569600,1,1,0
239,6089246.05,479126.54,1385.07,758246400,1,1,0
240,6090544.07,478377,1388.08,758246400,1,1,0
241,6084052.7,476124.31,1385.6,748569600,1,1,0
242,6085375.99,478387.73,1383.55,757728000,1,1,0
243,6085355.89,476874.7,1385.92,748569600,1,1,0
244,6094442.72,476126.65,1393.27,754704098,1,1,0
245,6082762.41,476876.73,1384.92,750816000,1,1,0
246,6082755.83,475374.58,1384.81,758073600,1,1,0
247,6091842.86,479125.88,1387.48,758246400,1,1,0
248,6093146,476879.43,1399.5,751075200,1,1,0
249,6082751.69,478374.13,1383.83,750816000,1,1,0
250,6084042.93,482125.11,1379.69,759283200,1,1,0
251,6095740.22,478374.57,1391.72,754617600,1,1,0
252,6094439.4,479125.83,1390.15,754617600,1227344608,1,0
253,6097029.27,476121.81,1400.37,754617600,1180710617,1,0
254,6097013.14,477618.86,1393.8,754617600,1,1,0
255,6084044.65,480624.67,1381.45,757728000,1,1,0
256,6085343,479875.36,1384.2,757728000,1,1,0
257,6084046.85,479129.88,1383.42,757728000,1,1,0
258,6097035.84,474624.57,1403.26,754617600,1,1,0
259,6095748.86,475375.49,1395.68,754704098,1,1,0
260,6094444.59,477625.39,1391.47,754704098,1,1,0
261,6095739.07,476870.72,1394.13,754617600,1,1,0
262,6085344.08,481375.12,1380.98,757728000,1,1,0
263,6086647.54,480627.1,1382.94,757728000,1,1,0
264,6082757.28,482874.04,1380.13,759283200,1,1,0
265,6082752.25,481375.8,1381.91,759283200,1,1,0
266,6080153.45,476877.27,1383.89,758073600,1,1,0
267,6082755.48,479875.81,1381.97,757728000,1,1,0
268,6081459.02,483623.57,1381.2,763084800,1,1,0
269,6081457.09,479123.62,1381.44,759283200,1,1,0
270,6081447.54,480603.93,1380.29,759283200,1,1,0
271,6081505.35,482112.81,1378.96,759283200,1,1,0
272,6080155.48,478375.01,1380.94,759283200,1,1,0
273,6080154.6,475375.97,1383.5,758073600,1,1,0
274,6081456.94,474625.31,1384.7,758073600,1,1,0
275,6081459.78,476127.18,1384.76,758073600,1,1,0
276,6078851.83,477624.94,1381.52,759283200,1,1,0
277,6080153.92,479877,1380.41,759283200,1,1,0
278,6080154.73,481374.91,1379.95,762307200,1,1,0
279,6078860.55,479124.31,1381.27,759456000,1,1,0
280,6077555.74,475374.75,1381.11,759283200,1,1,0
281,6078859.06,476123.18,1381.46,758678400,1,1,0
282,6077493.28,473855.45,1381.79,783043200,1,1,0
283,6080157.7,472378.25,1385.85,758678400,1,1,0
284,6078857.14,474623.56,1381.66,758678400,1,1,0
285,6080153.95,482873.37,1377.34,763084800,1,1,0
286,6078854.87,482124.62,1377.36,764726400,1,1,0
287,6078843.47,480620.18,1379.07,762307200,1,1,0
288,6077555.35,478374.08,1379.66,759456000,1,1,0
289,6077553.64,479870.03,1377.35,762307200,1,1,0
290,6080153.47,473877.91,1378.1,758246400,900288800,1,0
291,6077564.33,476876.53,1380.08,759283200,1,1,0
292,6078856.06,473124.86,1383.37,758678400,1,1,0
293,6073656.75,473124.99,1377.82,762480000,1,1,0
294,6073657.35,471628.58,1381.37,762480000,1,1,0
295,6081448.31,473128.35,1386,758073600,1,1,0
296,6077553.13,470874.35,1384.3,758851200,1,1,0
297,6077554.74,472374.1,1383.08,758851200,1,1,0
298,6077548.3,481387.69,1376.4,764726400,1,1,0
299,6078861.3,471624.67,1383.63,758678400,1,1,0
300,6073661.56,465622.78,1386.54,762912000,1,1,0
301,6074956.85,472375.49,1379.81,762307200,1,1,0
302,6073655.77,470127.59,1380.7,762480000,1,1,0
303,6074956.86,470874.88,1381.65,762307200,1,1,0
304,6080135.35,470923.82,1387.11,758246400,1,1,0
305,6080148.38,469374.42,1388.55,758678400,1,1,0
306,6078844.04,467120.42,1390.5,758678400,1,1,0
307,6078858.05,468627.12,1387.55,758678400,1,1,0
308,6080162.52,466374.56,1391.81,758678400,1,1,0
309,6072360.6,478377.56,1375.38,762912000,1,1,0
310,6080160.16,467878.75,1389.4,758073600,1,1,0
311,6077551.67,469375.05,1385.55,758851200,1,1,0
312,6078845.82,470112.46,1386.89,758678400,1,1,0
313,6076256.23,468623.83,1387.12,759456000,1,1,0
314,6074960.77,473873.23,1379.12,762307200,1,1,0
315,6077557.91,467874.51,1388.1,758851200,1,1,0
316,6082754.02,473876.32,1385.47,797990400,1,1,0
317,6076232.11,477622.94,1378.64,759456000,1,1,0
318,6080162.69,457382.02,1405.14,766454400,1,1,0
319,6076257.07,470124.18,1383.01,759456000,1,1,0
320,6082753.48,457376.68,1409.12,797644800,1,1,0
321,6072355.47,458874.37,1397.4,764208000,1,1,0
322,6073656.02,459623.25,1396.96,764208000,1,1,0
323,6080156.31,458874.92,1402.23,764208000,1,1,0
324,6076247.34,471624.12,1384.3,759456000,1,1,0
325,6072369.2,467895.6,1381.73,762912000,1,1,0
326,6076258.88,473122.56,1382.71,759456000,1,1,0
327,6073659.14,479125.24,1375.98,762912000,1,1,0
328,6076254.34,467124.95,1387.19,762307200,1,1,0
329,6073653.74,468621.13,1382.98,762480000,1,1,0
330,6073658.76,467124.13,1384.87,762480000,1,1,0
331,6072353.92,469373.45,1380.29,762912000,1,1,0
332,6078859.69,465625.36,1390.7,758851200,1,1,0
333,6078861.42,464126.36,1393.47,758851200,1,1,0
334,6074953.84,466374.09,1386.65,762480000,1,1,0
336,6072356.99,472375.35,1378.29,762912000,1,1,0
337,6072353.17,466375.82,1384.42,764035200,1,1,0
338,6081459.94,455108.8,1410.3,767318400,1,1,0
339,6074967.21,467875.5,1384.24,762307200,1,1,0
340,6074955.39,469375.93,1384.01,762307200,1,1,0
341,6077556.51,466374.86,1389.22,758851200,1,1,0
342,6077557.28,464875.62,1390.9,758851200,1,1,0
343,6076253.25,465624.22,1387.66,762480000,1,1,0
344,6077556.91,463375.9,1392.38,764035200,1,1,0
345,6072355.81,475374.04,1374.42,762912000,1,1,0
346,6074999.42,455859.81,1401.96,764294400,1,1,0
347,6074960.43,479874.46,1377.1,762912000,1,1,0
348,6074957.31,478376.78,1377.39,762912000,1,1,0
349,6073699.56,474648.84,1376.15,762480000,1,1,0
350,6072352.48,473873.43,1376.18,762912000,1,1,0
351,6073662.72,476126.19,1375.98,762480000,1,1,0
352,6076253.98,479115.56,1378.77,762307200,1,1,0
353,6072355.49,476875.61,1373.47,762912000,1,1,0
354,6080155.27,464879.63,1393.01,758851200,1,1,0
355,6073654.68,477624.93,1375.77,762480000,1264263642,1,0
356,6081519.15,465552.89,1394.93,758851200,1,1,0
357,6076257.56,474622.57,1378.71,759456000,1,1,0
358,6074956.2,475374.92,1376.87,797385600,1,1,0
359,6074951.5,476875.24,1379.81,762480000,1,1,0
360,6074958.59,458873.19,1396.2,764208000,1,1,0
361,6074955.96,457373.85,1398.62,764294400,1,1,0
362,6076254.33,476124.04,1378.38,759456000,1,1,0
363,6082767.95,455885.74,1411.09,767318400,1,1,0
364,6076254.43,456623.37,1400.62,764294400,1,1,0
365,6081435.53,456605.98,1407.15,770169600,1,1,0
366,6080155.82,455873.6,1407.36,766454400,1,1,0
367,6076237.71,458103.01,1398.06,766540800,1,1,0
368,6076258.09,455116.13,1405.67,766540800,1,1,0
369,6081458.58,458123.92,1405.33,797385600,1,1,0
370,6077554.66,455878.34,1403.43,766454400,1,1,0
371,6077548.54,454372.15,1407.12,766454400,1,1,0
372,6084075.49,455139.46,1414.64,767318400,1,1,0
373,6082737.86,452874.31,1418.03,767318400,1,1,0
374,6078855.6,458125.41,1401.74,764208000,1,1,0
375,6077556.37,460375.23,1396.88,764208000,1,1,0
376,6077557.78,458875.22,1399.14,764208000,1,1,0
377,6084056.82,453619.19,1419.56,767318400,1,1,0
378,6073656.29,458124.06,1396.84,764294400,1,1,0
379,6073656.52,456623.43,1398.43,764294400,1,1,0
380,6095749.34,481374.82,1387.66,763603200,1,1,0
381,6095751.24,479864.75,1389.76,763603200,1,1,0
382,6097031.27,480626.44,1388.5,763603200,1,1,0
383,6073650.9,464129.22,1388.66,764035200,1,1,0
384,6073654.34,461127.61,1393.97,764294400,1,1,0
385,6073652,462624.94,1389.51,764035200,1,1,0
386,6072355.43,464874.06,1385.73,764035200,1,1,0
387,6072358.04,463374.22,1389.4,764208000,1,1,0
388,6081454.63,452122.74,1418.32,767318400,1,1,0
389,6081499.88,453617.63,1414.15,909273600,1,1,0
390,6078856.39,459623.51,1398.83,764208000,1,1,0
391,6078857.33,456625.98,1396.57,766454400,1052501395,1,0
392,6097033.18,479120.23,1391.55,771379200,1,1,0
393,6082780,454373.24,1415.27,767318400,1,1,0
394,6078855.31,461126.92,1396.65,764208000,1,1,0
395,6080157.14,454335.44,1410.73,766454400,1,1,0
396,6081466.61,461122.27,1400.45,763776000,1,1,0
397,6084057.52,458115.18,1409.21,781228800,1,1,0
398,6080156.01,452877.68,1414.22,766454400,1,1,0
399,6078854.88,455125.94,1406.71,766454400,1,1,0
400,6084054.92,459628.95,1406.41,781056000,1,1,0
401,6078853.96,453626.95,1409.64,801878400,1,1,0
402,6077555.3,457375.25,1401.26,767145600,1,1,0
403,6080219.39,463337.44,1397.41,763776000,1,1,0
404,6084051.42,456638.35,1412.45,767145600,1,1,0
405,6080166.67,461876.6,1398.03,763776000,1,1,0
406,6085442.09,454406.44,1419.25,767232000,1,1,0
407,6086654.17,455130.73,1419.87,767059200,1,1,0
408,6078840.46,462616.54,1394.7,763776000,1,1,0
409,6086666.87,453626.9,1425.05,767059200,1,1,0
410,6081458.4,462624.75,1397.96,763776000,1,1,0
411,6094447.15,480626.37,1387.47,770774400,1,1,0
412,6080175.7,460369.92,1399.62,763776000,1,1,0
413,6093145.72,479877.76,1390.22,771292800,1,1,0
414,6082776.19,460364.88,1404.04,768960000,1,1,0
415,6082747.9,458899.85,1406.54,767145600,1,1,0
416,6081461.01,459638.26,1402.99,763776000,1,1,0
417,6085351.82,457378.16,1413.82,773193600,1,1,0
418,6093147.11,481376.28,1385.56,771292800,1,1,0
419,6076257.09,464125.4,1391.34,764035200,1,1,0
420,6094443.62,482127.28,1384.02,763603200,1,1,0
421,6087950.36,454376.22,1425.68,767059200,1,1,0
422,6076256.82,462625.99,1392.43,764035200,1,1,0
423,6087952.26,455875.24,1420.86,767059200,1,1,0
424,6086651.3,456628.78,1417.89,767059200,1,1,0
425,6077556.97,461876.15,1394.68,764035200,1,1,0
426,6087950.14,452876.82,1428.86,776245590,1,1,0
427,6074952.04,460374.64,1395.84,764208000,1,1,0
428,6071066.01,473128.88,1369.16,766627200,919173619,1,0
429,6076254.07,459625.09,1396.81,764208000,1,1,0
430,6071066.67,471629.28,1371.2,766627200,919173620,1,0
431,6074956.4,463376.78,1391.1,764035200,1,1,0
432,6076256.59,461126.08,1395.15,764035200,1,1,0
433,6074954.86,461874.56,1392.88,764035200,1,1,0
434,6074955.06,464874.73,1389.25,764035200,1,1,0
435,6085346.64,460377.49,1406.67,781056000,1,1,0
436,6084046.06,462629.27,1400.81,766627200,1,1,0
437,6085351.07,461877.91,1405.56,764726400,1,1,0
438,6082753.38,463372.07,1399.94,764726400,1,1,0
439,6071063.4,461125.52,1392.27,766627200,953856000,1,0
440,6072356.27,460376.49,1396.45,766627200,1,1,0
441,6072358.22,461878.51,1392.83,766627200,1,1,0
442,6071063.57,462625.44,1390.77,766627200,953856000,1,0
443,6071064.49,465624.26,1384.51,767145600,953901648,1,0
444,6071065.5,464125.18,1388.52,767145600,953876110,1,0
445,6069764.01,463376.3,1388.7,766627200,954010956,1,0
446,6069772.65,464875.85,1386.66,767145600,953856000,1,0
447,6085351.87,455877.9,1415.9,773884800,1,1,0
448,6084053.96,461128.82,1404.25,767145600,1,1,0
449,6086652.36,459630.07,1412.01,770428800,1,1,0
450,6091849.15,480625.69,1386.32,771292800,1,1,0
451,6082757.42,461877.45,1391,769132800,919205930,1,0
452,6091844.76,482128.51,1383.32,771292800,1,1,0
453,6086649.84,461128.24,1407.4,768960000,1,1,0
454,6093148.65,482877.2,1382.76,770774400,1,1,0
455,6087946.65,481376.35,1381.65,783993600,1,1,0
456,6089263.01,482122.02,1382.11,771292800,1,1,0
457,6089246.68,480625.6,1382.83,771292800,1,1,0
458,6090544.04,482876.08,1381.14,771292800,1,1,0
459,6090544.01,481378.17,1383.61,771292800,1,1,0
460,6078856.49,483632.44,1377.39,769737600,1,1,0
461,6077554.79,482877.81,1375.48,769737600,1,1,0
462,6076252.53,483628.34,1373.47,769737600,1,1,0
463,6074956.72,481373.92,1375.36,836265600,1,1,0
464,6077554.33,484376.21,1374.49,769737600,1,1,0
465,6080156.02,485875.09,1377.45,774921600,1,1,0
466,6078856.53,485125.96,1378.62,774921600,1,1,0
467,6071077.08,480627.49,1365.75,830044800,918950400,1,0
468,6072354.27,479874.73,1374.13,830044800,1,1,0
469,6071063.53,479128.63,1366.34,830044800,918950400,1,0
470,6072357.16,470875.88,1380,769737600,1,1,0
471,6080153.95,484379.34,1378.79,774921600,1,1,0
472,6081464.56,485117.53,1378.97,774921600,1,1,0
473,6076255.48,482125.74,1373.96,769737600,1,1,0
474,6074954.81,482874.1,1373.87,769737600,1,1,0
475,6076265.71,480631.84,1377.16,769737600,1,1,0
476,6072350.64,481371.96,1373.57,830044800,1,1,0
477,6072349.04,482885.26,1371.51,830131200,952769377,1,0
478,6073657.65,483626.52,1370.85,836265600,952769377,1,0
479,6073655.73,480624.6,1375.27,830131200,1,1,0
480,6073657.15,482127.86,1373.02,836265600,1,1,0
481,6094449.72,465624.93,1412.74,773971200,1,1,0
482,6095746.15,464876.93,1417.11,773971200,1,1,0
483,6082758.5,484384.21,1378.96,774057600,1,1,0
484,6095767.34,463382.23,1420.05,773971200,1,1,0
485,6095743.53,466373.03,1414.91,773971200,1,1,0
486,6097039.24,462622.9,1426.38,770342400,1,1,0
487,6097035.09,465625.61,1417.79,773971200,1,1,0
488,6097034.49,464126.52,1422.11,773971200,1,1,0
489,6098279.61,461883.69,1429.47,776304000,1,1,0
490,6084047.31,485127.91,1377.74,774057600,1,1,0
491,6082763.63,485870.47,1377.39,774057600,1,1,0
492,6081454.31,486624.62,1375.93,775008000,1,1,0
493,6082757.05,487375.81,1374.74,775094400,1,1,0
494,6084047.78,486632.98,1375.52,775180800,1,1,0
495,6085344.33,485875.68,1377.54,775180800,1,1,0
496,6084045.06,488125.59,1374.46,803692800,1,1,0
497,6084037.69,483626.5,1379.23,775180800,1,1,0
498,6086642.24,482126.14,1380.99,774057600,1,1,0
499,6085332.09,484385.12,1378.24,774057600,1,1,0
500,6080166.28,488887.77,1373.34,775008000,1,1,0
501,6085343.45,482873.9,1379.02,774057600,1,1,0
502,6099637.46,473126.28,1404.07,786067200,1,1,0
503,6100932.26,476877.57,1397.68,786067200,1,1,0
504,6098344.9,476874.5,1395.6,786067200,1,1,0
505,6100933.6,478377.44,1394.66,786067200,1,1,0
506,6099641.78,477625.65,1394.09,785894400,1,1,0
507,6091848.24,489626.6,1374.34,782438400,1,1,0
508,6091848.18,486624.25,1377.46,782438400,1,1,0
509,6100937.91,473879.2,1401.92,786067200,1,1,0
510,6099638.64,476126.46,1396.51,785894400,1,1,0
511,6100935.91,475378.84,1399.05,786067200,1,1,0
512,6077553.8,488877.72,1372.13,774921600,953905342,1,0
513,6085342.21,488876.04,1374.29,775180800,1,1,0
514,6090546.53,484376.3,1380.3,783043200,1,1,0
515,6098341.05,473875.83,1400.18,785894400,1,1,0
516,6076253.53,488128.78,1373.61,774921600,953905636,1,0
518,6077553.86,485875.72,1373.98,774921600,1,1,0
519,6077553.28,487376.92,1374.68,774921600,1,1,0
521,6089247.01,488125.77,1375.48,783043200,1,1,0
522,6098340.23,478375.6,1392.99,785894400,1191599377,1,0
523,6099638.46,474631.95,1399.04,785894400,1,1,0
524,6082757.46,491877.74,1365.51,775612800,918933326,1,0
525,6098332.71,475440.08,1397.02,785894400,1,1,0
526,6082757.55,490375.03,1372.71,775612800,952787739,1,0
528,6087932.05,485873.18,1377.19,775526400,1,1,0
529,6087946.04,487375.5,1377.48,775526400,1,1,0
530,6076257.97,485127.94,1373.26,774921600,1,1,0
531,6076253.56,486624.59,1374.55,774921600,1,1,0
532,6089241.23,483624.32,1379.86,783129600,1,1,0
534,6087936.35,484374.96,1379.73,775526400,1,1,0
535,6098334.56,464875.82,1420.24,776476800,1,1,0
536,6098332.36,463378.55,1425.24,776476800,1,1,0
537,6098334.9,466375.85,1414.69,776476800,1,1,0
538,6086641.81,483620.71,1379.27,774057600,1,1,0
539,6086638.85,485124.51,1376.69,775180800,1,1,0
540,6087947.08,482873,1380.67,775526400,1,1,0
541,6090546.86,488875.88,1375.24,783043200,1,1,0
542,6098339.08,467876.16,1408.77,776304000,1,1,0
543,6093149.9,485873.07,1378.95,782438400,1,1,0
544,6087939.16,488909.83,1374.79,775526400,1,1,0
545,6112638.12,471595.71,1412.25,825811200,1,1,0
546,6082758.42,488873.97,1375.77,775094400,1,1,0
547,6086643.74,489625.87,1372.5,775180800,1,1,0
548,6097054.89,468628.2,1407.21,776390400,1,1,0
549,6093146.64,484376.94,1379.47,782438400,1,1,0
550,6078845.73,488131.59,1374.17,775008000,1,1,0
551,6100934.51,461826.53,1431.94,776649600,1,1,0
552,6078856.75,486627.36,1376.16,775008000,1,1,0
553,6080154.94,490375.39,1371.26,775094400,953905094,1,0
554,6085344.66,487375.77,1375.2,775180800,1,1,0
555,6091845.46,488124.95,1375.53,782438400,1,1,0
556,6078854.41,489625.12,1372.36,775008000,953905209,1,0
557,6080154.47,487373.83,1375.5,775008000,1,1,0
558,6099635.22,464128.18,1422.71,776476800,1,1,0
559,6090548.19,485875.37,1377.74,783043200,1,1,0
560,6099633.37,462629.03,1429.78,776476800,1,1,0
561,6086643.97,491125.35,1371.63,775180800,952791566,1,0
562,6091847.96,483626.92,1380.9,782438400,1,1,0
563,6099634.04,459627.76,1442.43,776649600,1,1,0
564,6087943.44,490375.16,1373.12,783129600,1,1,0
565,6099636.38,465623.52,1417.8,776476800,1,1,0
566,6086645.78,488126.38,1373.83,775180800,1,1,0
567,6081453.59,491125.48,1371.56,775008000,952787739,1,0
568,6099634.53,461127.08,1435.63,776649600,1,1,0
569,6081454.19,488116.57,1374.87,775008000,1,1,0
570,6086647.59,486623.39,1376.64,775180800,1,1,0
571,6093145.3,487372.23,1378.27,782438400,1,1,0
572,6081466.38,489625.53,1373.3,775008000,1,1,0
573,6089246.47,485129.44,1378.63,783043200,1,1,0
574,6089244.76,486626.88,1377.01,783043200,1,1,0
575,6090548.45,487375.12,1377.36,783043200,1,1,0
576,6091845.56,485126.79,1379.06,782438400,1,1,0
577,6100935.42,458877.42,1445.1,776649600,1,1,0
578,6093149.36,488873.5,1377.08,782438400,1,1,0
579,6089248.15,489623.87,1373.31,783043200,1,1,0
580,6090545.33,490375.59,1373.62,783043200,1,1,0
581,6089247.79,491125.82,1374.06,783043200,1,1,0
582,6096939.43,467105.95,1413.69,778118400,1,1,0
583,6111329.93,446878.16,1566.72,778550400,1,1,0
584,6100945.96,457379.45,1452.8,778118400,1,1,0
585,6107437.39,443132.89,1553.63,780105600,1071595096,1,0
586,6102237.1,459630.11,1444.89,778118400,1,1,0
587,6100938.87,460376.51,1438.71,778118400,1,1,0
588,6104835.77,453620.04,1489.07,778377600,1,1,0
589,6100937.75,455874.99,1457.83,778032000,1,1,0
590,6099677,458092.32,1446.33,778032000,1,1,0
591,6107437.7,449128.8,1526.62,779241600,1,1,0
592,6103476.97,455891.32,1468.39,778377600,1,1,0
593,6102341.92,461244.87,1441.11,778118400,1,1,0
594,6102236.85,456632.39,1460.31,778032000,1,1,0
595,6103547.15,454368.85,1477.77,778377600,1,1,0
596,6102235.6,458122.54,1452.56,778032000,1,1,0
597,6110026.13,447632.11,1551.74,778809600,1,1,0
598,6102231.44,455122.36,1467.55,778032000,1,1,0
599,6108739.27,448380,1537.58,778809600,1,1,0
600,6106140.13,443877.74,1550.5,779241600,1,1,0
601,6111327.32,445368.61,1577.93,778809600,1,1,0
602,6111323.49,448376.36,1559.77,778809600,1,1,0
603,6110052.97,446127.66,1555.41,778550400,1,1,0
604,6098309.06,460458.48,1435.16,778118400,1,1,0
605,6112629.9,446125.27,1579.75,778809600,1,1,0
606,6110029.03,449125.66,1546.13,778809600,1,1,0
607,6115225.97,447620.64,1597.52,778723200,1,1,1
608,6113923.74,448372.44,1581.21,778550400,1,1,1
609,6112627.77,447623.77,1575.71,778550400,1,1,1
610,6104838.62,441629.88,1580.47,779414530,1,1,0
611,6106136.74,446879.78,1524.26,779241600,1,1,0
612,6108741.78,449885.24,1533.68,778809600,1,1,0
613,6107438.61,450623.94,1521.67,779241600,1,1,0
614,6108741.33,443873.79,1558.25,779414530,1053890675,1,0
615,6113925.55,446874.9,1591.54,778550400,1,1,1
616,6108740.16,446876.95,1540.2,778809600,1,1,0
617,6106138.66,445376.19,1539.88,779241600,1,1,0
618,6107435.26,444630.07,1539.36,779241600,1,1,0
619,6107431.92,446124.63,1534.45,779241600,1,1,0
620,6104840.02,443127.66,1565.13,779414530,1,1,0
621,6103546.68,445372.74,1547.64,780624000,1,1,0
622,6106158.41,448374.47,1515.4,779241600,1,1,0
623,6107438.04,447625.44,1528.12,779241600,1,1,0
624,6103529.38,446896.77,1531.5,780019200,1,1,0
625,6106133.32,442392.28,1561.83,779414530,1,1,0
626,6103531.63,449869.34,1501.78,780019200,1,1,0
627,6103535.9,443879.59,1565.53,780624000,1,1,0
628,6106140.02,449877.3,1513.87,779241600,1,1,0
629,6104839.61,452129.27,1494.92,780019200,1,1,0
630,6104835.02,444630.01,1553.09,779414530,1,1,0
631,6104839.31,446133.37,1530.23,780019200,799852158,1,0
632,6104839.07,449125.94,1509.88,780019200,1,1,0
633,6108737.85,445377.34,1544.75,780105600,1,1,0
634,6103541.02,451379.6,1489.45,780019200,1,1,0
635,6112628.41,453626.52,1536.23,781660800,1,1,1
636,6103538.57,452876,1484.92,781228800,1,1,0
637,6103535.66,448373.92,1515.64,780105600,1,1,0
638,6104835.8,447623.36,1518.3,780019200,1,1,0
639,6112625.26,449126,1572.19,780710400,1,1,1
640,6106136.15,451383.47,1509.32,780019200,1,1,0
641,6104845.64,450624.61,1500.49,787363200,1,1,0
642,6095748.92,484380.61,1381.67,783129600,1,1,0
643,6112627.75,452126.69,1548.58,781660800,1,1,1
644,6103540.69,440874.06,1597.13,780796800,1,1,0
645,6094424.94,485166.12,1381.24,783129600,1,1,0
646,6095755.14,482874.16,1385.17,783129600,1,1,0
647,6094452.41,483628.49,1383.23,783129600,1,1,0
648,6103542.88,442362.69,1583.32,780624000,1,1,0
649,6104840.03,446131.48,1538.3,838598400,1,1,0
650,6110036.14,450626.42,1542.63,781315200,1,1,0
651,6112626.77,450627.45,1561.07,781660800,1,1,1
652,6104833.19,455134.88,1478.94,781833600,1,1,0
653,6110031.28,453628.37,1521.21,781315200,1,1,0
654,6098342.17,482871.16,1384.98,783993600,1,1,0
655,6106128.73,454373.51,1490.1,781833600,1,1,0
656,6110025.99,455128.37,1510.08,781315200,1,1,0
657,6112623.37,455127.82,1522.18,786499200,1,1,0
658,6110033.66,452124.39,1532.25,781315200,1,1,0
659,6111329.86,449877.06,1557.76,781315200,1,1,1
660,6111330.11,451374.12,1548.58,781660800,1,1,1
661,6108742.24,451376.25,1528.27,781315200,1,1,0
662,6107424.67,453641.92,1503.46,781833600,1,1,0
663,6111307.03,452865.41,1536.48,781660800,1,1,1
664,6111331.15,454369.72,1523.85,781660800,1,1,0
665,6107420.12,455130.77,1493.27,781833600,1,1,0
666,6108741.92,452877.9,1516.72,781315200,1,1,0
667,6086648.21,458128.01,1414.34,781228800,1,1,0
668,6085366.36,458860.51,1411.84,781228800,1,1,0
669,6115232.39,452130.04,1560.26,786499200,1,1,1
670,6099646.83,495620.94,1367.46,791424000,1,1,0
671,6107442.65,452135.12,1513.75,781833600,1,1,0
672,6108742.21,454377.79,1506.43,781833600,1,1,0
673,6099636.78,498622.77,1370.83,798681600,1,1,0
674,6095763.19,485871.86,1380.61,783993600,1,1,0
675,6097053.99,483616.79,1383.61,783129600,1,1,0
676,6094454.25,486623.25,1379.73,783993600,1,1,0
677,6103548.89,503875.36,1356.61,792115200,1,1,0
678,6104846.95,503130.04,1356.68,792115200,1,1,0
679,6095735.95,487376.36,1378.43,783993600,1,1,0
680,6106139.89,505378.86,1353.54,792201600,1,1,0
681,6097040.23,482123.77,1385.61,783129600,1,1,0
682,6110029.73,504630.52,1352.32,794448000,1,1,0
683,6098349.68,484393.67,1382.32,783129600,1,1,0
684,6119127.22,452879.55,1550.37,786672000,1,1,0
686,6094443.73,488127.04,1377.37,787622400,1,1,0
687,6108745.4,506864.03,1349.9,794534400,1,1,0
688,6115227.18,450624.52,1574.81,786499200,1,1,1
689,6117830.34,453628.04,1545.93,786672000,1,1,0
690,6119130.7,454379.5,1536.18,786672000,1,1,0
691,6099641.71,486623.17,1379.26,787622400,1,1,0
692,6100947.05,485880.16,1379.77,787622400,1,1,0
693,6117824.43,452127.89,1560.92,786672000,1,1,0
694,6117827.36,455123.11,1530.36,786672000,1,1,0
695,6116518.56,452875.97,1554.73,786672000,1,1,1
696,6099641.4,485117.41,1381.01,787622400,1,1,0
697,6099631.48,488129.07,1376.65,787622400,1,1,0
698,6116527.29,451373.54,1569.91,786672000,1,1,1
699,6117826.03,449125.19,1593.48,786672000,1,1,0
700,6097030.69,486637.87,1378.01,787708800,1,1,0
701,6115224.06,449130.77,1587.96,786499200,1,1,1
702,6116523.59,449877.65,1585.48,786499200,1,1,1
703,6117822.71,450622.97,1578.25,786672000,1,1,0
704,6098346.53,485877.59,1380.19,787795200,1,1,0
705,6097041.16,485124.5,1380.93,787708800,1,1,0
706,6111326.06,506876.59,1348.75,794448000,1,1,0
707,6115224.33,453633.84,1546.38,786499200,1,1,1
708,6110021.94,503123.08,1356.2,792547200,1,1,0
709,6098339.68,487377.61,1379.33,787622400,1,1,0
710,6113933.04,449882.48,1575.39,786405608,1,1,1
711,6110031.59,507627.68,1348.49,794534400,1,1,0
712,6110029.37,506128.4,1350.23,794534400,1,1,0
713,6116527.51,454372.1,1540.6,786672000,1,1,0
714,6100938.83,490373.18,1373.07,787622400,1,1,0
715,6098341.87,491877.92,1373.38,791424000,1,1,0
716,6097053.6,488127.78,1377.93,787622400,1,1,0
717,6095745.64,490372.53,1373.75,787708800,1,1,0
718,6095751.06,488883.16,1376.45,787795200,1,1,0
719,6099635.41,491119.85,1374.05,787708800,1,1,0
720,6097049.12,492631.28,1374.03,787708800,1,1,0
721,6100937.89,487383.14,1378.46,787708800,1,1,0
722,6097046.06,489638.95,1376.17,787708800,1,1,0
723,6100942.47,488873.8,1376,787622400,1,1,0
724,6098338.72,490373.4,1376.11,791510400,1,1,0
725,6098339.48,488871.51,1374.78,787708800,1,1,0
726,6099647.91,489621.08,1374.79,787708800,1,1,0
727,6094455.22,489630.78,1377.16,787795200,1,1,0
728,6094444.56,491132.86,1373.08,787795200,1,1,0
729,6097041.39,491134.72,1373.61,787708800,1,1,0
730,6090552.97,491881.77,1371.4,791510400,1,1,0
731,6099635.13,492627.39,1373.13,791424000,1,1,0
732,6104835.96,501632.64,1358.05,792115200,1,1,0
733,6100938.09,491873.68,1371.91,787795200,1,1,0
734,6113928.15,451375.98,1563.05,786499200,1,1,1
735,6100937.49,493374.88,1370.73,791510400,1,1,0
736,6113929.07,454379.29,1534.92,786499200,1,1,1
737,6111334.27,505379.17,1349.92,794448000,1,1,0
738,6108731.24,502379.09,1356.35,795398400,1,1,0
739,6104836.21,500128.38,1360.59,792201600,1,1,0
740,6106130.9,503884.96,1355.18,792201600,1,1,0
741,6106142.12,499373.88,1358.96,792460800,1,1,0
742,6097035.15,494127.85,1372.17,791424000,1,1,0
743,6107441.24,504624.69,1353.89,792547200,1,1,0
744,6107437.42,501631.55,1357.89,792460800,1,1,0
745,6107439.31,500123.62,1358.18,792460800,1,1,0
746,6104718.2,494225.59,1366.63,791856000,1,1,0
747,6093150.48,490371.44,1375.37,787795200,1,1,0
748,6104836.55,504622.99,1354.99,792115200,1,1,0
749,6102235.08,462625.23,1432.88,792806400,1,1,0
750,6104836.63,497137.75,1364.73,792115200,1,1,0
751,6103534.04,497874.76,1364.71,791856000,1,1,0
752,6108742.98,500875.4,1356.48,792547200,1,1,0
753,6111325.35,503877.47,1352.57,794448000,1,1,0
754,6094455.59,492626.8,1371.94,791424000,1,1,0
755,6095747.78,491878.89,1372.8,791856000,1,1,0
756,6102235.34,494119.44,1369.73,787795200,1,1,0
757,6102244.94,497120.16,1364.22,791856000,1,1,0
758,6100946.33,496388.75,1367.81,791510400,1,1,0
759,6102247.07,492631.78,1372.41,787795200,1,1,0
760,6093149.97,491885.01,1371.22,787795200,1,1,0
761,6102243.6,495620.09,1366.73,791856000,1,1,0
762,6099635.74,494127.37,1369.71,791424000,1,1,0
763,6099641.51,497126.34,1368.22,798681600,1,1,0
764,6100938.26,497874.53,1368.37,798681600,1,1,0
765,6107434.08,497127.16,1360.52,792460800,1,1,0
766,6091844.72,491132.53,1372.37,787795200,1,1,0
767,6107438.24,503122.19,1355.13,792547200,1,1,0
768,6091852.04,492631.67,1371.66,791510400,1,1,0
769,6102238.7,498627.41,1363,798681600,1,1,0
770,6106119.03,502382.23,1356.79,792201600,1,1,0
771,6103537.87,502369.94,1357.32,791856000,1,1,0
772,6100942.26,494875.13,1370.49,791510400,1,1,0
773,6102232.41,491124.94,1372.4,787795200,1,1,0
774,6106137.82,500874.21,1357.54,792460800,1,1,0
775,6103535.54,493376.41,1368.93,787795200,1,1,0
776,6103538.16,500877.75,1359.91,791856000,1,1,0
777,6103542.98,499373.28,1362.95,791856000,1,1,0
778,6106124.22,496391.02,1364.25,792201600,1,1,0
779,6103540.23,460373.96,1443.57,792806400,1,1,0
780,6095752.68,493370.88,1370.02,791424000,1,1,0
781,6103533.36,458874.65,1452.13,792806400,1,1,0
782,6107427.05,498624.46,1359.14,792460800,1,1,0
783,6098331.52,493373.18,1371.41,791424000,1,1,0
784,6104845.84,498625.04,1359.79,792201600,1,1,0
785,6103601.88,457398.92,1459.53,792806400,1,1,0
786,6116528.14,448373.25,1601.49,798854400,1,1,0
787,6116432.87,446854.57,1610.91,803606400,1,1,0
788,6103532.11,494881.06,1366.71,791856000,1,1,0
789,6106140.79,497868.84,1361.25,792201600,1,1,0
790,6111332.68,508376.73,1348.12,794448000,1,1,0
791,6100927.01,464872.08,1422.28,792720000,1,1,0
792,6104836.74,495628.18,1364.64,792115200,1,1,0
793,6103547.28,496364.18,1366.47,791856000,1,1,0
794,6108730.47,503873.84,1354.25,794448000,1,1,0
795,6100938.31,463377.07,1428.52,792720000,1,1,0
796,6099634.63,468623.53,1412.56,792720000,1,1,0
797,6100936.19,466374.94,1418.77,792806400,1,1,0
798,6099635.3,467125.62,1413.43,793670400,1,1,0
799,6108742.8,505378.79,1352.5,794534400,1,1,0
800,6098335.77,469376.32,1407.85,795571200,1,1,0
801,6107439.15,506126.73,1352.95,792547200,1,1,0
802,6113923.33,467875.11,1427.43,850608000,1,1,0
803,6117824.01,458126.84,1499.49,804556800,1,1,0
804,6113898.75,464858.99,1435.19,798508800,1,1,0
805,6106123.23,473882.49,1404.62,829008000,1,1,0
806,6113911.68,469387.71,1420.95,850608000,1,1,0
807,6112630.51,506126.38,1349.92,794448000,1,1,0
808,6112631.36,507630.02,1348.39,794448000,1,1,0
809,6106111.33,472366.87,1406.92,829008000,1,1,0
810,6102236.39,477628.68,1394.37,793843200,1,1,0
811,6102236.23,474634.11,1400.89,793756800,1,1,0
812,6102238.68,464128.09,1420.14,855446400,903732996,1,0
813,6102234.16,471628.5,1407.2,793756800,1,1,0
814,6102235.48,476128.47,1397.47,793843200,1,1,0
815,6098335.25,470876,1405.33,793843200,1,1,0
816,6100938.47,467873.56,1414.3,805248000,1,1,0
817,6099643.74,470126.14,1407.63,793843200,1,1,0
818,6108726.65,472387.45,1408.56,828403200,1,1,0
819,6113927.85,452876.88,1549.07,792806400,1,1,1
820,6106129.01,470860.4,1411.47,829008000,1,1,0
821,6098340.04,472375.64,1402.46,793843200,1,1,0
822,6099636.98,471628.3,1404.34,805248000,1,1,0
823,6100941.67,470878.97,1408.94,793756800,1,1,0
824,6115225.2,455124.81,1531.63,792806400,1,1,0
825,6102235.44,473129.81,1404.29,793843200,1,1,0
826,6104851.68,473129.53,1404.67,835056000,1,1,0
827,6111317.53,470863.38,1414.21,825897600,1,1,0
828,6102235.95,470128.48,1410.35,795571200,1,1,0
829,6104842.42,471635.56,1408.52,835056000,1,1,0
830,6111310.5,472375.38,1409.17,825897600,1,1,0
831,6100936.52,472378.48,1405.34,805248000,1,1,0
832,6110025.55,470127.49,1414.59,829526400,1,1,0
833,6111320.68,473878.55,1406.05,825897600,1,1,0
834,6108728.86,473869.27,1403.41,829440000,1184855220,1,0
835,6107412.95,473115.38,1405.48,829008000,1,1,0
836,6110018.76,473146.11,1407.36,829526400,1,1,0
837,6107379.28,474633.65,1403.15,829526400,1,1,0
838,6104816.14,474636.9,1402.19,829008000,1,1,0
839,6109992.49,471609.37,1411.47,829526400,1191253650,1,0
840,6108704.49,470890.41,1411.58,829440000,1,1,0
841,6110031.28,474596.86,1402,829440000,1,1,0
842,6117830.74,459630.22,1485.51,804556800,1,1,0
843,6110013.78,468627.74,1418.71,829526400,1,1,0
844,6115232.84,456634.23,1515.01,798595200,1,1,0
845,6116550.14,458870.59,1493.46,798854400,1,1,0
846,6112634.26,473117.81,1407.5,825811200,1,1,0
847,6116531.2,455884.76,1524.72,798854400,1,1,0
848,6112631.34,474621.29,1403.05,825897600,1191165241,1,0
849,6111330.73,469376.82,1419.83,829526400,1,1,0
850,6112650.54,470150.55,1417.98,825811200,1,1,0
851,6113936.63,470867.01,1415.2,825811200,1,1,0
852,6113913.91,473873.48,1404.69,825984000,1,1,0
853,6112623.07,468623.88,1421.71,850694400,1,1,0
855,6121723.15,466369.47,1428.34,809049600,1,1,0
856,6113949.51,472346.85,1410.85,825897600,1,1,0
857,6120408.59,465625.4,1424.81,834364800,940233583,1,0
859,6112621.21,462622.84,1452.3,798595200,1,1,0
860,6116539.47,466390.75,1431.08,850262400,1,1,0
861,6117837.21,467133.75,1429.12,850262400,1,1,0
862,6117820.74,465624.83,1433.65,798854400,1,1,0
863,6111328.75,461883.33,1455.65,798595200,1,1,0
864,6112623.29,464127.53,1439.06,798595200,1,1,0
865,6112625.59,461124.38,1466.32,798508800,1,1,0
866,6111334.83,463379.73,1442.46,798595200,1,1,0
867,6113930.18,461874.29,1461.92,798595200,1,1,0
868,6113918.43,463368.91,1449.17,798508800,1,1,0
869,6116540.43,463374.46,1450.88,798595200,1,1,0
870,6116524.4,461880.42,1464.55,798595200,1,1,0
871,6115227.69,464133.64,1443.64,798595200,1,1,0
872,6115225.43,461134.06,1470.33,798595200,1,1,0
873,6115221.79,462630.25,1456.58,798595200,1,1,0
874,6098340.16,496375.03,1369.56,797558400,1,1,0
875,6098345.94,494874.09,1369.38,798681600,1,1,0
876,6098337.79,497877.8,1370.09,798681600,1,1,0
877,6098343.27,499370.82,1372.35,798681600,1,1,0
878,6097042.01,498631.95,1370.86,797558400,1,1,0
879,6095749.42,497877.46,1371.54,797558400,1,1,0
880,6099626.15,500120.07,1371.01,798681600,1,1,0
881,6098340.73,500880.4,1375.07,798681600,1,1,0
882,6095751.35,496374.31,1370.77,797990400,1,1,0
883,6097050.95,495630.29,1370.18,798681600,1,1,0
884,6094453.72,497125.15,1371.49,797990400,1,1,0
885,6097040.28,497129.48,1370.98,797558400,1,1,0
886,6094447.31,498612.54,1395.72,797644800,1,1,0
887,6095776.25,499383.63,1397.99,797990400,1,1,0
888,6093164.23,497879.41,1375.04,797644800,1,1,0
889,6095752.65,494877.84,1369.4,797990400,1,1,0
890,6102231.44,500122.56,1361.47,799200000,1,1,0
891,6102229.71,503121.23,1356.93,799200000,1,1,0
892,6097036.92,500122.81,1401.89,798768000,1,1,0
893,6093151.12,496373.76,1371.51,797644800,1,1,0
894,6094448.37,495631.68,1370.2,797990400,1,1,0
895,6093145.67,493382.65,1370.72,797990400,1,1,0
896,6102237.45,501628.72,1360.04,799200000,1,1,0
897,6093147.01,494874.53,1371,797990400,1,1,0
898,6117834.18,462635.23,1447.32,798595200,858526029,1,0
899,6117846.49,464125.5,1443.71,798595200,1,1,0
900,6116514.84,460375.49,1480.02,798854400,1,1,0
901,6117832.22,461120.31,1469.86,798595200,1,1,0
902,6113935.96,460362.83,1476.01,798508800,1,1,0
903,6115237.09,458126.44,1500.14,798508800,1,1,0
904,6113933.48,458868.96,1490.95,798595200,1,1,0
905,6115236.48,459618.84,1486.59,798508800,1,1,0
906,6112635.13,456625.42,1508.83,798595200,1,1,0
907,6116524.6,464891.1,1436.32,798595200,1,1,0
908,6099616.62,501626.29,1371.21,798681600,1,1,0
909,6116531.35,457363.47,1507.49,798854400,1,1,0
910,6100943,500866.47,1366.3,799200000,1,1,0
911,6100934.05,502374.8,1362.14,799200000,1,1,0
912,6112637.48,459633.5,1479.78,798595200,1,1,0
913,6100922.76,499377.83,1367.65,798681600,1,1,0
914,6112627.38,458120.5,1494.97,798595200,1,1,0
915,6119120.59,457377.15,1504.24,804556800,1,1,0
916,6111327.58,460366.6,1469.04,798595200,1,1,0
917,6124297.74,451364.73,1524.24,807667200,1,1,0
918,6113934.83,455863.99,1519.64,798595200,1,1,0
919,6117832.33,456635.19,1516.57,804556800,1,1,0
920,6113920.55,457376.01,1507.25,798595200,1,1,0
921,6119132.99,455894.7,1520.27,804556800,1,1,0
922,6123039.66,467124.59,1423.86,806112000,1,1,0
923,6120429.24,456625.47,1509.05,804556800,1,1,0
924,6120447.56,449121.12,1574.29,840931200,1,1,0
925,6119125.49,458884.59,1489.51,804643200,1,1,0
926,6123044.7,450619.33,1540.14,807148800,1,1,0
927,6123028.09,464121.64,1436.1,804729600,1,1,0
928,6120420.11,462622.66,1452.66,804729600,1,1,0
929,6121737.95,449892.33,1557,807148800,1,1,0
930,6117876.73,447701.55,1610.95,803520000,1,1,0
931,6120419.83,458127.13,1493.54,804556800,1,1,0
932,6119131.24,448397.02,1594.82,807062400,1,1,0
933,6123058.34,465597.24,1432.35,806112000,1,1,0
934,6119125.01,463376.49,1449,804729600,1,1,0
935,6119121.55,460380.66,1476.41,804643200,1,1,0
936,6119132.58,461881.72,1463.1,804643200,1,1,0
937,6128215.12,465606.9,1531.75,808358400,1,1,0
938,6102220.8,446131.5,1542.08,806112000,1,1,0
939,6100940.64,446865.55,1533.09,807667200,1,1,0
940,6102238.36,444635.95,1560.18,806112000,1,1,0
941,6100935.97,445387.85,1549.85,807667200,1,1,0
942,6093134.06,449874.89,1463.39,807926400,1,1,0
943,6100938.48,443867.64,1567.61,807667200,1,1,0
944,6100938.72,442381.12,1581.35,807753600,1,1,0
945,6100938.19,440879.89,1596.64,814924800,1,1,0
946,6121731.01,463368.9,1442.07,804729600,1,1,0
947,6121730.44,461871.13,1455.37,804643200,1,1,0
948,6102247.56,441618.98,1592.05,805248000,1,1,0
949,6102225.83,443126.1,1575.84,805248000,1,1,0
950,6121721.62,460368.19,1468.1,804643200,1,1,0
951,6091832.85,450623.78,1449.97,807926400,1,1,0
952,6090562.31,448380.32,1453.25,807926400,1,1,0
953,6121736.49,464878.94,1435.77,806112000,1,1,0
954,6099639.51,443127.57,1567.57,814924800,1,1,0
955,6120423.48,459637.48,1478.8,804643200,1,1,0
956,6102224.59,440133.3,1605.32,824083200,1,1,0
957,6120419.34,461114.84,1465.64,804643200,1,1,0
958,6091840.2,449129.31,1458.82,807926400,1,1,0
959,6119122.02,464875.15,1436.53,804729600,1,1,0
960,6090556.78,446866.62,1461.52,807753600,1,1,0
961,6120427.62,464116.38,1439.67,804729600,1,1,0
962,6129516.89,466367.41,1579.53,808790400,1,1,0
963,6121723.43,454394.12,1521.34,807148800,1,1,0
964,6107435.85,495625.15,1364.28,805939200,1,1,0
965,6121708.4,455869.91,1508.63,809049600,1,1,0
966,6129505.07,467863.94,1557.54,810345600,1,1,0
967,6094437.16,450619.87,1465,807840000,1,1,0
968,6129519.58,469373.03,1532.16,815616000,1,1,0
969,6128217.93,467142.73,1549.2,808358400,1,1,0
970,6093156.13,451376.05,1453.17,807753600,1,1,0
971,6094452.11,452124.01,1454.1,807753600,1,1,0
972,6099645.38,441620.59,1581.79,814924800,1,1,0
973,6095734.14,451375.16,1466.96,834451200,1,1,0
974,6128213.47,468620.83,1532.36,808358400,1,1,0
975,6126913.34,470865.88,1458.95,834278400,1,1,0
976,6125612.93,465643.1,1441.7,808444800,1,1,0
977,6125612.75,464103.05,1439.61,808444800,1,1,0
978,6091829.78,446109.31,1476.41,807926400,1,1,0
979,6128216.06,464118.34,1512.62,808358400,1,1,0
980,6091832.74,447629.48,1467.69,807753600,1,1,0
981,6093153.16,448387.29,1473.02,807753600,1,1,0
982,6125625.89,470120.91,1439.76,808444800,1,1,0
983,6124341.32,466387.62,1430.23,806112000,1,1,0
984,6128218.47,470117.88,1499.9,808358400,1,1,0
985,6129498.7,464881.14,1590.37,808617600,1,1,0
986,6125614.45,467135.58,1432.02,810864000,1,1,0
987,6125636.71,468628.61,1455.99,808444800,1,1,0
988,6124320.49,464869.2,1433.95,844646400,1,1,0
989,6124305.95,461936.92,1447.67,808531200,1,1,0
990,6126912.61,466371.27,1467.68,810864000,1,1,0
991,6123031.68,462619.3,1436.95,804729600,888837028,1,0
992,6126916.78,469374.88,1482.84,810864000,1,1,0
993,6126894.25,464881.05,1474.73,810864000,1,1,0
994,6126913.31,467871.81,1502.2,808444800,1,1,0
996,6106136.53,494872.75,1365.8,806025600,1,1,0
997,6123016.52,456628.68,1494.88,807667200,1,1,0
998,6126929.64,463371.92,1477.21,808531200,1,1,0
999,6128238.17,462628.09,1501.6,808531200,1,1,0
1000,6125609.45,462618.94,1443.07,808444800,1,1,0
1001,6126934.77,461931.11,1464.21,808444800,1,1,0
1002,6107433.65,494124.85,1364.69,805939200,1,1,0
1003,6106134.75,493375.6,1365.89,806025600,1,1,0
1004,6110023.43,497126.48,1358.8,805939200,1,1,0
1005,6108736.37,494876.73,1362.59,805939200,1,1,0
1006,6104834.65,492625.93,1370.06,806025600,1,1,0
1007,6108733.59,496375.61,1362.89,805939200,1,1,0
1008,6102238.74,489625.31,1375.41,806025600,1,1,0
1009,6103536.11,490374.99,1373.18,806025600,1,1,0
1010,6104833.34,491124.61,1372.41,806025600,1,1,0
1011,6106136.03,491874.18,1368.98,806025600,1,1,0
1012,6103536.98,479873.18,1390.31,807926400,1,1,0
1013,6102235.92,479128.13,1393.11,807926400,1,1,0
1014,6102235.67,480623.1,1390.11,807926400,1,1,0
1015,6100932.14,481377.71,1389.01,835056000,1,1,0
1016,6099640.27,479125.89,1391.85,853804800,1,1,0
1017,6099628.82,480626.61,1387.33,807840000,1,1,0
1018,6098340.04,481387.8,1385.86,807840000,1,1,0
1019,6100933.62,479878.79,1390.83,807926400,1,1,0
1020,6121714.16,457378.79,1496.44,834556834,1,1,0
1021,6123016.27,455129.13,1507.96,807667200,1,1,0
1022,6121711.78,458902.15,1480.66,806112000,1,1,0
1023,6123054.71,452113.59,1530.2,807148800,1,1,0
1024,6120442.79,453603.82,1536.52,807062400,1,1,0
1025,6121731.41,451391.69,1545.28,807148800,1,1,0
1026,6120445.91,455126.66,1522.25,807062400,1,1,0
1027,6121732.81,452875.52,1534.87,807148800,1,1,0
1028,6120434.38,452152.43,1548.79,807062400,1,1,0
1029,6119136.73,449878.08,1579.48,807062400,1,1,0
1030,6120440.68,450618.07,1562.47,807062400,1,1,0
1031,6119140.11,451399.06,1565.54,807062400,1,1,0
1032,6124314.12,455879.07,1493.56,811468800,1,1,0
1033,6123016.58,461124.65,1456.87,811555200,1,1,0
1034,6124314.71,458878.69,1470.84,811382400,1,1,0
1035,6123019.1,459621.92,1471.17,811468800,1,1,0
1036,6124296.05,454397.63,1504.98,807667200,1,1,0
1037,6124304.77,452867.8,1514.73,807667200,1,1,0
1038,6123015.05,458125.34,1481.1,811468800,1,1,0
1039,6123029.66,453632.68,1519.78,807148800,1,1,0
1040,6124316.68,457376.32,1483.3,811468800,1,1,0
1041,6125619.02,458124.05,1470.3,811382400,1,1,0
1042,6124318.45,460374.55,1459.41,811382400,1,1,0
1043,6125617.27,459626.11,1460.64,811382400,1,1,0
1044,6125616.5,461127.37,1451.42,811382400,1,1,0
1045,6125618.4,456627.85,1482.28,815702400,1,1,0
1046,6125619.84,453613.81,1502.17,815702400,1,1,0
1047,6125594.42,452136.93,1508.78,815788800,1,1,0
1048,6125631.23,455135.46,1491.6,815702400,1,1,0
1049,6126914.82,458868.5,1465.1,815702400,1,1,0
1050,6128205.36,461129.49,1506.87,815702400,1,1,0
1051,6128208.17,459622.26,1514.06,815702400,1,1,0
1052,6126919.98,460375.13,1470.26,815702400,1,1,0
1053,6099636.5,444622.32,1554.9,814924800,1,1,0
1054,6099659.32,446122.48,1536.32,815788800,1,1,0
1055,6098345.75,446872.14,1522.11,815011200,1,1,0
1056,6098326.11,445351.72,1537.2,815011200,1,1,0
1057,6097055.31,444634.68,1533.62,815788800,1,1,0
1058,6098343.55,442372.7,1564.01,815011200,1,1,0
1059,6098333.04,443862.77,1552.08,834969600,1,1,0
1060,6097058.96,443143.2,1545.11,815788800,1,1,0
1061,6095756.68,445369.15,1516.57,815011200,1,1,0
1062,6095747.9,446870.85,1504.32,815011200,1,1,0
1063,6095754.81,443882.44,1526.98,838598400,1,1,0
1064,6097049.37,446124.88,1519.97,815097600,1,1,0
1065,6093149.01,446883.27,1482.11,834278400,1,1,0
1066,6093153.87,445400.59,1492.56,834278400,1,1,0
1067,6094455.85,444617.27,1508.58,838598400,1,1,0
1068,6094458.88,446130.16,1499.76,834969600,1,1,0
1069,6102229.73,447638.86,1524.49,815011200,1,1,0
1070,6102241.13,449126.02,1509.45,814924800,1,1,0
1071,6100920.43,449876.37,1498.92,815616000,1,1,0
1072,6102244.86,450634.21,1493.64,814924800,1,1,0
1073,6095732.17,448373.16,1491.99,815097600,1,1,0
1074,6094454.91,447616.79,1488.12,838598400,1,1,0
1075,6097052.63,447636.91,1506.84,815097600,1,1,0
1076,6097037.72,452130.07,1463.9,815097600,1,1,0
1077,6098342.62,448380.46,1507.11,840931200,1,1,0
1078,6099635.33,447631.61,1519.48,815788800,1,1,0
1079,6099658.96,449048.77,1505.11,814924800,1,1,0
1080,6100936.1,448360.38,1515.18,815616000,1,1,0
1081,6097039.19,449128.27,1492.46,815097600,1,1,0
1082,6095723.71,449889.37,1478.75,834969600,1,1,0
1083,6097036.5,450628.35,1479.45,815097600,1,1,0
1084,6094438.15,449116.97,1477.59,834969600,1,1,0
1085,6124320.46,469378.61,1416.94,815529600,1,1,0
1086,6124332.32,470868,1412.83,834278400,1,1,0
1087,6123028.53,468623.73,1418.33,815529600,1,1,0
1088,6124325.31,467881.28,1422.52,815702400,1,1,0
1089,6125617.95,471632.38,1425.53,815788800,1,1,0
1090,6123029.66,471623.48,1410.7,834278400,1,1,0
1091,6123033.01,470118.98,1414.96,815529600,1,1,0
1092,6125620.12,473113.77,1419.72,815616000,1,1,0
1093,6123033.71,473116.5,1405.49,815529600,1,1,0
1094,6124323.11,473877.73,1402.2,815616000,1,1,0
1095,6125630.3,474631.11,1415.62,815529600,1,1,0
1096,6123033.54,474627.65,1400.12,834278400,1,1,0
1097,6128183.81,477626.32,1425.48,853027200,1,1,0
1098,6130806.94,479145.99,1454.53,852940800,1,1,0
1099,6130804.34,477631.08,1466.19,852940800,1,1,0
1100,6129507.55,478376.28,1441.55,853027200,1,1,0
1101,6133402.26,479120.39,1495.67,853027200,1,1,0
1102,6133341.76,480615.62,1479.18,853027200,1,1,0
1103,6132083.08,479873.36,1467.63,853027200,1,1,0
1104,6132121.07,478370.44,1478.91,852940800,1,1,0
1105,6129513.35,479880.81,1432.53,853027200,1,1,0
1106,6128238.88,479127.62,1417.61,853027200,1,1,0
1107,6129507.97,481345.16,1422.13,853545600,1,1,0
1108,6130822.82,480613.43,1444.28,852940800,1,1,0
1109,6130821.3,482125.79,1433.98,853027200,1,1,0
1110,6128233.35,482127.28,1399.48,861667200,1,1,0
1111,6125608.25,482134.5,1382.24,853286400,1,1,0
1112,6126910.59,482880.85,1381.67,853718400,1,1,0
1113,6125614.94,483627.92,1380.03,860371200,1,1,0
1114,6128206.13,483628.65,1392.71,853632000,1,1,0
1115,6133391.13,482118.28,1468.75,853113600,1,1,0
1116,6132078.72,481390.45,1455.7,853286400,1,1,0
1117,6132098.11,482860.1,1444.39,853113600,1,1,0
1118,6130817.79,483624.37,1424.99,853545600,1,1,0
1119,6129511.43,482881.8,1412.4,853545600,1,1,0
1120,6133391.06,483626.71,1458.92,853113600,1,1,0
1121,6121731.55,482866.67,1381.19,853286400,1,1,0
1122,6123011.71,482120.57,1382.18,853286400,1,1,0
1124,6123015.45,483623.15,1380.02,853545600,1,1,0
1125,6130809.9,486619.85,1413.57,872553600,1,1,0
1126,6133402.75,485123.01,1452.33,872467200,1,1,0
1127,6132099.96,485873.55,1433.76,872640000,1,1,0
1128,6130816.79,485120.93,1420.13,872553600,1,1,0
1129,6132122.63,488879.09,1422.86,872553600,1,1,0
1130,6133416.18,488121.75,1443.5,872380800,1,1,0
1131,6133413.19,486613.02,1447.74,872467200,1,1,0
1132,6132112.87,487379.09,1427.7,872467200,1,1,0
1133,6134689.99,487375.44,1462.46,871084800,1,1,0
1134,6134699.26,488884.86,1452.04,871084800,1,1,0
1135,6132115.89,490379.68,1418.08,872467200,1,1,0
1136,6133404.65,489628.04,1433.14,872380800,1,1,0
1137,6133396.65,492618.26,1430.09,872380800,1,1,0
1138,6134699.37,490371.11,1453.02,875318400,1,1,0
1139,6134708.72,491871.07,1450.04,875318400,1,1,0
1140,6133413.71,491128.46,1434.01,872380800,1,1,0
1141,6130805.34,488129.05,1409.75,862704000,1,1,0
1142,6130813,489623.06,1404.16,861580800,1,1,0
1143,6128225.2,491123,1373.2,863308800,1,1,0
1144,6130814.29,491140.48,1400.61,861580800,1,1,0
1145,6134716.85,494884.79,1446.55,872985600,1,1,0
1146,6134710.84,493364.76,1442.81,871257600,1,1,0
1147,6133416.27,494122.29,1425.22,871257600,1,1,0
1148,6133434.69,495611.51,1429.86,871257600,1,1,0
1149,6128238.94,489636.31,1375.6,863308800,1,1,0
1150,6129513.27,490377.43,1388.46,863308800,1,1,0
1151,6129511.21,488872.97,1391.01,861667200,1,1,0
1152,6128208.81,488131.93,1377.32,861580800,1,1,0
1153,6126916.18,488865.18,1373.46,863308800,1,1,0
1154,6125621.8,488120.09,1372.87,863395200,1,1,0
1155,6126911.9,490365.49,1371.27,863395200,1,1,0
1156,6125608.93,489623.5,1371.47,863395200,1,1,0
1157,6123009.86,491116.41,1368.98,853718400,1105781674,1,0
1158,6125637.63,491124.42,1368.94,863395200,1,1,0
1159,6124296.83,488883.64,1371.52,853632000,1,1,0
1160,6123002.41,489635.73,1371.23,853545600,1105781102,1,0
1161,6124307.63,490368.84,1369.36,878342400,1,1,0
1162,6123013.93,488123.43,1373.4,853545600,1,1,0
1163,6120420.94,482128.1,1382.35,863481600,1,1,0
1164,6132102.52,484362.98,1438.03,853200000,1,1,0
1165,6091850.14,494121.64,1370.48,838512000,1,1,0
1173,6090551.44,493380.31,1370.94,838512000,1,1,0
1174,6094449.21,494126.83,1369.56,903830400,1,1,0
1175,6091853.93,497124.21,1371.87,838512000,1,1,0
1176,6091853.72,495624.18,1371.71,838512000,1,1,0
1185,6116531.36,472392.25,1409.22,850608000,1,1,0
1186,6116538.03,473881.3,1404.53,850694400,1,1,0
1187,6120431.15,470124.72,1416.28,850176000,1,1,0
1188,6119127.58,469381.52,1419.93,850089600,1,1,0
1189,6120419.05,468630.5,1421.58,850521600,1,1,0
1190,6117838.63,470126.16,1416.32,850176000,1,1,0
1191,6117821.52,468621.22,1423.07,850176000,1,1,0
1192,6120415.88,467140.67,1427.6,850089600,1,1,0
1193,6117829.5,474617.58,1401.35,850176000,1,1,0
1194,6117829.1,473127.34,1406.67,850176000,1,1,0
1195,6117827.5,471628.86,1411.72,850176000,1,1,0
1196,6121730.16,473871.41,1403.13,850003200,1,1,0
1197,6121732.71,472380.88,1408.13,850003200,1,1,0
1198,6116526.89,470876.95,1414.4,850262400,1,1,0
1199,6120429.59,473114.47,1406.36,850089600,1,1,0
1200,6120433.41,474628.64,1400.56,850089600,1,1,0
1201,6121733.12,469379.76,1416.76,850089600,1,1,0
1202,6121729.21,467876.94,1420.8,850089600,1,1,0
1203,6120434.88,471628.63,1410.88,850089600,1,1,0
1204,6121734.55,470878.99,1412.93,850089600,1,1,0
1205,6116530.86,467880.39,1425.71,850262400,1,1,0
1206,6116533.88,469382.3,1422.56,850262400,952963584,1,0
1207,6115226.55,470144.04,1418.82,850262400,1,1,0
1208,6115238.27,468638.64,1425.93,850521600,1,1,0
1209,6107233.38,470191.84,1413.19,836179200,1,1,0
1210,6108733.07,467877.9,1420.29,850694400,1,1,0
1211,6111323.04,467871.62,1424.89,850608000,1,1,0
1212,6115223.53,474628.51,1403.48,850521600,1,1,0
1213,6108733.26,469377.44,1415.99,850694400,1,1,0
1214,6115223.79,473126.88,1408.18,850521600,1,1,0
1215,6107386.32,471616.3,1411.69,836179200,1,1,0
1216,6115228.95,471637.32,1413.31,850694400,1,1,0
1217,6110034.99,467129.98,1424.06,850608000,1,1,0
1218,6112620.63,467126.28,1429.03,850867200,1,1,0
1219,6111333.55,466383.6,1429.77,850694400,1,1,0
1220,6112623.33,465625.24,1433.01,850521600,1,1,0
1221,6110044.47,464126.51,1436.53,850521600,1,1,0
1222,6111331.31,464872.35,1433.97,850694400,1,1,0
1223,6110024.24,465626.66,1432.45,850608000,1,1,0
1224,6115211.05,465541.97,1432.79,850608000,1,1,0
1225,6113920.09,466374.36,1431.89,850780800,1,1,0
1226,6119110.46,466375.77,1428.81,850176000,1,1,0
1227,6115201.19,467099.97,1429.73,860457600,1,1,0
1228,6119130.19,467896.06,1424.07,850089600,1,1,0
1229,6119131.19,470889.28,1413.46,850089600,1,1,0
1230,6124337.47,472373.1,1407.79,850089600,1,1,0
1231,6119139.72,473879.12,1403,850089600,1,1,0
1232,6104835.92,470123.06,1411.41,828316800,1,1,0
1233,6103482.62,473882.69,1403.91,828316800,1,1,0
1234,6103534.03,470879.51,1409.52,828316800,1,1,0
1235,6103539,472376.37,1404.97,828316800,1,1,0
1236,6102238.22,488122.77,1377.09,867542400,1,1,0
1237,6106133.61,490377.5,1372.12,892339200,1,1,0
1238,6103535.58,487377.3,1379.39,867542400,1,1,0
1239,6103532.21,488871.72,1375.73,867542400,1,1,0
1240,6106130.02,488879.11,1374.75,892252800,1,1,0
1244,6090545.09,452862.21,1438.53,954115200,1,1,0
1245,6089247.88,449125.95,1445.25,846979200,1,1,0
1246,6089248.05,452124.3,1438.07,954115200,1,1,0
1247,6089259.85,447618.09,1451.11,847065600,1,1,0
1248,6090565.22,451382.82,1441.53,846892800,1,1,0
1250,6089248.18,453624.66,1433.04,954115200,1,1,0
1251,6095754.59,452881.77,1453.41,836265600,1,1,0
1254,6124315.55,463379.51,1440.3,836784000,1,1,0
1260,6089252.94,450634.33,1439.89,847065600,1,1,0
1261,6090540.47,449872.33,1446.66,846892800,1,1,0
1262,6086639,452124,1427.03,847065600,1,1,0
1263,6087955.33,451390.41,1432.95,846979200,1,1,0
1264,6119143.89,472359.2,1408.91,850089600,1,1,0
1269,6095796.96,455866.05,1445.27,862358400,1,1,0
1270,6126972.1,479791.08,1396.23,856828800,1,1,0
1271,6089274.71,455141.51,1427.72,954115200,1,1,0
1272,6128265.83,480535.31,1411.22,854928000,1183387506,1,0
1273,6120473.06,477538.8,1392.77,856742400,1,1,0
1274,6124370.15,481289.07,1383.59,854928000,1,1,0
1275,6124382.82,475285.93,1396.9,856224000,1,1,0
1276,6098282.81,452961.96,1463.14,862272000,1,1,0
1277,6123072.57,476033.9,1395.68,856828800,1,1,0
1278,6124375.06,479786.6,1386.52,856656000,1,1,0
1279,6126983.49,476788.6,1411.14,854928000,1,1,0
1280,6095769.3,458880.12,1435.19,847065600,1,1,0
1281,6126978.76,478281.23,1403.15,854928000,1,1,0
1282,6096998.74,455126.35,1452.42,846892800,1,1,0
1283,6121776.82,479788.08,1387.35,856742400,1,1,0
1284,6126975.41,481289.43,1387.38,856224000,1,1,0
1285,6104829.65,480627.72,1389.84,855619200,1,1,0
1286,6100927.49,451358.46,1484.39,846547200,1,1,0
1287,6120476.89,476032.45,1396.83,856742400,1,1,0
1288,6104829.94,488124.92,1378.35,892252800,1,1,0
1289,6125675.28,477541.67,1390.9,856224000,1,1,0
1290,6104835.26,489626.79,1373.31,867542400,1,1,0
1291,6120476.06,479035.6,1390.07,856742400,1,1,0
1292,6125678.73,480538.82,1385.02,856224000,1,1,0
1293,6125683.99,476040.31,1399.33,854841600,1,1,0
1294,6123072.64,477533.55,1391.76,856828800,1,1,0
1295,6120479.16,480534.61,1386.05,856656000,1,1,0
1296,6124365.55,476784.44,1393.15,856224000,1,1,0
1297,6125679.45,479038.77,1388.37,856224000,1,1,0
1298,6124374.05,478285.54,1389.22,856137600,1,1,0
1301,6121769.85,476786.37,1392.98,856828800,1,1,0
1302,6121774.24,481284.97,1384.34,856742400,1,1,0
1303,6121774.1,475287.52,1398,856828800,1,1,0
1304,6126913.43,475376.19,1425.97,854928000,1,1,0
1305,6111321.02,484371.7,1380.82,866419200,1,1,0
1306,6095748.14,460373.71,1432.48,847065600,1,1,0
1307,6121774.83,478284.8,1390.31,856742400,1,1,0
1308,6096989.88,453686.26,1455.61,846633600,1,1,0
1309,6098341.96,457379.75,1447.02,847065600,1,1,0
1310,6123078.85,480540.69,1385.16,857174400,1,1,0
1312,6123069.93,479030.33,1388.66,857865600,1,1,0
1313,6100929.97,452871.19,1474.55,846547200,1,1,0
1314,6110005.5,444578.74,1619.03,846892800,1,1,0
1315,6098330.09,455936.98,1454.62,846892800,1,1,0
1316,6098337.17,451377.95,1474.79,846892800,1,1,0
1318,6102142.54,486657.08,1375.23,867024000,1,1,0
1319,6098336.28,479875.29,1388.66,867110400,1,1,0
1320,6099576.32,483737.6,1382.81,867024000,1,1,0
1321,6103530.51,491884.06,1370.14,867024000,1,1,0
1322,6094455.87,459624.33,1431.44,954028800,1,1,0
1323,6097093.08,458029.69,1442.38,862272000,1,1,0
1324,6099733.58,455151.03,1459.24,846547200,1,1,0
1326,6098334.39,458877.5,1440.79,846892800,1,1,0
1327,6100931.94,454369.42,1466.39,846633600,1,1,0
1330,6094458.53,455122.29,1440.35,863568000,1,1,0
1332,6080152.14,473874.44,1384.4,919728000,1,1,0
1334,6094446.53,456629.51,1437.55,862358400,1,1,0
1335,6094367.96,461188.1,1428.49,954028800,1,1,0
1336,6093145.11,455878.48,1434.64,862358400,1,1,0
1337,6098337.12,449875.92,1491.79,846892800,1,1,0
1338,6102229.95,453625.31,1474.32,902880000,1,1,0
1339,6102234.34,452119.87,1482.17,846547200,1,1,0
1340,6099632.39,452117.03,1473.33,846720000,1,1,0
1345,6106127.53,485880.21,1379.57,891993600,1,1,0
1346,6129509.34,484370.11,1405.76,860889600,1,1,0
1347,6128215.8,485122.43,1388.47,862099200,1,1,0
1348,6128214.19,486623.42,1382.59,861753600,1,1,0
1349,6097033.86,456624.68,1448.15,846892800,1,1,0
1350,6095725.55,454395.02,1448.46,847065600,1,1,0
1352,6097033.91,459626.06,1437.28,846892800,1,1,0
1353,6120414.25,483628.54,1380.9,861667200,1,1,0
1354,6111309.71,485876.85,1379.28,864086400,1,1,0
1355,6124321.41,484371.02,1379.35,861667200,1,1,0
1356,6113914.35,478381.87,1393.99,856656000,1,1,0
1357,6112629.46,476124.69,1399.49,856569600,1,1,0
1358,6124319.02,485870.47,1376.85,861753600,1,1,0
1359,6129514.2,487374.96,1394.28,866505600,1,1,0
1360,6124371.33,482850.5,1381.78,860371200,1,1,0
1361,6099640.31,456623.67,1450.64,846547200,1,1,0
1362,6113924.71,475380.59,1400.78,856656000,1,1,0
1363,6113924.91,476873.25,1397.59,856656000,1,1,0
1364,6115225.16,477630.81,1394.95,856656000,1190455700,1,0
1365,6113927.8,479875.42,1389.69,856656000,1,1,0
1366,6117815.59,476117.06,1398.22,856828800,1,1,0
1367,6116519.04,475380.79,1400.16,856656000,1,1,0
1368,6115227.83,479127.99,1391.13,856656000,1,1,0
1369,6129518.86,485870.66,1401,860889600,1,1,0
1370,6116516.41,476885.4,1397.07,856742400,1,1,0
1371,6111328.25,475376.68,1401.34,857347200,1,1,0
1372,6111326.15,476872.2,1397.73,856569600,1,1,0
1373,6115217.86,476132.66,1398.96,856656000,1,1,0
1374,6112627.16,479117.77,1392.08,856569600,1,1,0
1375,6111325.94,487373.66,1373.7,863568000,1,1,0
1378,6116527,482872.92,1383.07,861494400,1,1,0
1379,6119119.89,484378.12,1378.33,861494400,1,1,0
1380,6119121.95,487375.81,1372.52,861580800,1,1,0
1381,6125620.89,486624.71,1375.44,861753600,1,1,0
1382,6126922.97,473872.24,1435.65,866332800,1,1,0
1383,6115225.34,485123.56,1378.75,861494400,1,1,0
1384,6125618.43,485124.38,1377.38,861753600,1,1,0
1385,6110025.82,492625.03,1363.93,891129600,1,1,0
1386,6113926.01,484379.42,1381.14,863913600,1,1,0
1387,6126918.66,485871.13,1378.28,861753600,1,1,0
1388,6119112.35,493383.71,1363.91,863395200,1,1,0
1389,6120416.91,492623.95,1366.88,864518400,1,1,0
1390,6115223.02,483622.01,1381.84,861580800,1,1,0
1391,6115222.9,482126.99,1383.29,861580800,1,1,0
1392,6126916.03,487375.64,1376.23,861753600,1,1,0
1393,6108728.52,487372.68,1374.85,892512000,1,1,0
1394,6126914.37,484373.04,1380.15,861753600,1,1,0
1395,6119124.18,485876.81,1377.17,861667200,1,1,0
1396,6112622.26,482131.2,1384.74,865641600,1,1,0
1397,6115225.86,486623.23,1375.33,863568000,1,1,0
1398,6113929.07,482867.21,1383.82,863913600,1,1,0
1399,6121719.33,484372.83,1378.92,861667200,1,1,0
1400,6121722.61,485876.51,1375.52,861580800,1,1,0
1401,6113923.91,487372.64,1374.74,863568000,1,1,0
1402,6117823.03,482120.3,1384.51,863913600,1,1,0
1403,6123026.89,485133.33,1377.66,863568000,1,1,0
1404,6104829.14,485130.15,1382.5,863481600,1,1,0
1405,6116523.37,485873.99,1377.07,863827200,1,1,0
1406,6117819.48,483623.57,1379.61,863913600,1,1,0
1407,6111322.3,488875.67,1372.26,864086400,1,1,0
1408,6112623.89,491123.65,1365.4,891907200,1,1,0
1409,6112628.75,489626.94,1369.33,866419200,1,1,0
1410,6112625.2,488122.98,1372.3,863827200,1,1,0
1411,6119151.94,481329.42,1384.14,856656000,1,1,0
1412,6106127.27,481377.98,1386.39,855619200,1,1,0
1413,6119148.5,478328.55,1390.75,856656000,1,1,0
1414,6103533.19,481373.68,1389.06,892339200,1,1,0
1415,6104848.84,483621.83,1385.12,862963200,1,1,0
1416,6104827.69,486625.24,1378.43,867110400,1,1,0
1417,6111328.65,490374.34,1367.58,866505600,1,1,0
1418,6119148.21,476838.22,1394.33,856742400,1,1,0
1419,6110037.97,477627.23,1395.87,856396800,1,1,0
1420,6110031.54,479123.02,1391.52,856310400,1,1,0
1421,6108731.51,475372.83,1401.81,856569600,1,1,0
1422,6108733.88,481376.4,1386.95,856224000,1,1,0
1423,6113926.93,485862.43,1377.24,863481600,1,1,0
1424,6110029.24,480619.43,1387.8,857174400,1,1,0
1425,6108728.22,476873,1397.98,856569600,1,1,0
1426,6108726.13,478380.83,1394.66,856224000,1,1,0
1427,6116515.2,479875.49,1388.73,856656000,1,1,0
1428,6108731.68,479878.51,1389.99,856224000,1,1,0
1429,6107436.59,476127.3,1401.17,856051200,1,1,0
1430,6107432.62,480625.8,1388.84,856137600,1,1,0
1431,6116523.56,481383.08,1385.03,856656000,1,1,0
1432,6107427.38,477628.46,1395.44,856137600,1,1,0
1433,6107427.52,479127.24,1391.9,856224000,1,1,0
1434,6119139.35,479823.86,1387.56,856742400,1,1,0
1435,6117819.81,479118.7,1390.21,856656000,1,1,0
1436,6106123.13,476872.72,1397.72,856137600,1,1,0
1437,6103527.02,478381.03,1394.19,855532800,1,1,0
1438,6119114.97,475372.44,1399.35,857952000,1,1,0
1439,6117823.42,480635.31,1387.16,856656000,1,1,0
1440,6106127.7,479868.67,1391.35,856224000,1,1,0
1441,6103539.72,475380.21,1399.75,855446400,1163062285,1,0
1442,6104830.54,477619.3,1396.2,855619200,966791114,1,0
1443,6104874.6,479111.38,1390.92,855619200,1,1,0
1444,6103546.96,476886.43,1395.03,855532800,1,1,0
1445,6106124.34,475370.75,1400.14,856137600,1,1,0
1446,6106123.77,478372.93,1394.07,856310400,1,1,0
1447,6104834.37,476125.74,1397.44,856137600,1,1,0
1448,6110025.09,486676.52,1376.34,865728000,1,1,0
1449,6112638.85,477629.42,1394.6,856051200,1,1,0
1450,6115223.52,491125.88,1365.56,863827200,1,1,0
1451,6115217.7,495627.54,1361.37,864604800,1,1,0
1452,6110023.09,488123.12,1373.78,865728000,1,1,0
1453,6116517.93,490372.7,1368.13,866937600,1,1,0
1454,6117819.62,495625.18,1360.39,864864000,1,1,0
1455,6116520.51,493373.45,1364.07,864518400,1,1,0
1456,6110026.32,483622.27,1382.22,864000000,1,1,0
1457,6116523.21,491873.63,1366.46,866937600,1,1,0
1458,6113920.23,491872.89,1365.1,891907200,1,1,0
1459,6102234.09,483624.05,1384.92,898387200,1,1,0
1460,6108734.35,482876.18,1383.72,864000000,1,1,0
1461,6117826.78,477619.57,1394.09,856915200,1,1,0
1462,6116524.73,478376.12,1392.2,856742400,1,1,0
1463,6110023.95,485134.01,1379.07,864000000,1,1,0
1464,6108726.33,485883.51,1378.37,864691200,1,1,0
1465,6113924.33,488875.63,1371.43,865382400,1,1,0
1466,6113920.8,496374.87,1358.79,891043200,1,1,0
1467,6103533.69,482875.91,1386.18,892339200,1,1,0
1468,6119127.73,482876.39,1381.74,856915200,1,1,0
1469,6110032.29,489614.83,1370.89,865728000,1,1,0
1470,6112625.44,497124.55,1356.52,891388800,1,1,0
1471,6129511.11,494877.93,1377.66,873072000,1,1,0
1472,6117834.36,462633.26,1455.95,859852800,1,1,0
1473,6107425.75,485133.76,1380.67,892512000,1,1,0
1474,6115218.82,494124.89,1361.76,891388800,1,1,0
1475,6113921.22,494875.45,1361.92,865209600,1,1,0
1476,6117822.22,494127.22,1363.97,864864000,1,1,0
1477,6115222.94,492625.85,1362.9,865123200,1,1,0
1478,6132111.61,475376.44,1506.74,868838400,1,1,0
1480,6121718.92,488875.45,1371.23,864518400,1,1,0
1481,6128211.76,476121.53,1435.12,866851200,1,1,0
1482,6130815.94,474626.61,1488.92,866937600,1,1,0
1483,6132105.97,476883.57,1490.49,867542400,1,1,0
1484,6129513.43,497869.22,1375.7,873244800,1,1,0
1485,6128235.57,474624.12,1453.74,871776000,1,1,0
1486,6126918.57,472369.25,1443.81,867542400,1,1,0
1487,6129519.81,476865.69,1449.63,866419200,1,1,0
1488,6128210.84,492625.82,1370.07,873158400,1,1,0
1489,6129509.7,493374.92,1382.84,873072000,1,1,0
1490,6112621.93,495626.53,1360.87,864172800,1,1,0
1491,6108731.66,484378.97,1381.32,866505600,1,1,0
1492,6107428.96,483627.8,1381.64,866419200,1,1,0
1493,6119124.04,491878.09,1365.31,864518400,1,1,0
1494,6117824.44,492634.1,1365.92,864086400,1,1,0
1495,6111330.66,493377.17,1362.4,864604800,1,1,0
1496,6119120.27,494876.3,1363.39,863395200,1,1,0
1497,6116521.14,494873.88,1363.09,865123200,1,1,0
1498,6110028.17,482120.8,1384.69,864000000,1,1,0
1499,6106131.69,482874.96,1385.37,862963200,1,1,0
1500,6108728.93,488867.83,1372.3,891907200,1,1,0
1501,6133404.06,477627.1,1513.27,868838400,1,1,0
1502,6113924.3,490368.59,1368.19,865296000,1,1,0
1503,6111319.7,491871.29,1364.79,864604800,1,1,0
1504,6110028.09,491124.43,1367.21,891129600,1,1,0
1505,6112631.16,492621.88,1362.94,891907200,1,1,0
1506,6132104.02,472376.76,1535.28,868838400,1,1,0
1507,6129513.73,475369.64,1460.31,866505600,1,1,0
1508,6112625.48,494127.65,1362.41,865296000,1,1,0
1509,6116529.74,488877.51,1370.75,863568000,1,1,0
1510,6115221.31,489625.61,1369.28,864691200,1,1,0
1511,6120420.19,495627.33,1362.43,864518400,1,1,0
1512,6113917.85,493368.32,1363.33,865296000,1,1,0
1513,6115219.75,488115.07,1371.68,867110400,1,1,0
1514,6111328.77,494871.53,1362.84,864604800,1,1,0
1515,6107428.78,482121.87,1385.41,863222400,1,1,0
1516,6120415.68,494123.91,1364.31,866505600,1,1,0
1517,6104839.47,482125.26,1387.15,863222400,1,1,0
1518,6115217.58,480621.72,1386.71,856310400,1,1,0
1519,6112620.57,480628.57,1387.91,856051200,1,1,0
1520,6113922.05,481374.88,1386.12,856310400,1,1,0
1521,6106137.99,487383.13,1376.16,891993600,1,1,0
1522,6112613.75,483634.65,1381.99,865641600,1,1,0
1523,6111331.61,482875.23,1382.89,866419200,1,1,0
1524,6112629.52,486620.34,1375.09,865728000,1,1,0
1525,6111317.29,478374.51,1393.88,856569600,1,1,0
1526,6110029.03,476131.67,1399.17,856310400,1,1,0
1527,6111316.31,479880.39,1389.78,856569600,1,1,0
1528,6111328.18,481376.56,1387.22,856656000,1,1,0
1529,6102232.54,482122.37,1385.92,892339200,1,1,0
1530,6121722.09,487372.25,1373.04,863827200,1,1,0
1531,6120435.13,485123.44,1377.3,861580800,1,1,0
1532,6123018.15,486624.61,1375.16,862185600,1,1,0
1533,6112630.03,485129.08,1379.64,866505600,1,1,0
1534,6106138.39,484374.2,1381.04,862963200,1,1,0
1535,6116528.19,484375.61,1380.09,863913600,1,1,0
1536,6117815.53,486623.13,1374.11,868838400,1,1,0
1537,6124326.26,487377.09,1373.9,861667200,1,1,0
1538,6117818.33,485125.79,1378,863827200,1,1,0
1539,6120418.92,486628.52,1374.02,861667200,1,1,0
1540,6116522.49,487371.57,1374.25,863654400,1,1,0
1541,6121722.16,494878.03,1362.74,864518400,1,1,0
1542,6121720.2,490374.55,1368.53,864518400,1,1,0
1543,6121722.89,491875.98,1366.8,864518400,1,1,0
1544,6121725.29,493378.49,1364.46,864518400,1,1,0
1545,6129508.18,473880.2,1472.8,866332800,1,1,0
1546,6129521.91,472376.1,1492.9,866419200,1,1,0
1547,6130810.26,471628.69,1530.71,867024000,1,1,0
1548,6128222.34,473123.06,1464.93,867110400,1,1,0
1549,6129493.13,470864.86,1520.76,866505600,1,1,0
1550,6130818.14,473124.56,1506.71,866851200,1,1,0
1551,6132107.09,473876.78,1521.47,868838400,1,1,0
1552,6128219.91,471619.63,1476.25,867110400,1,1,0
1553,6130815.08,476120.22,1477.44,867024000,1,1,0
1554,6132112.51,493377.08,1414.6,872640000,1,1,0
1555,6132113.89,494880.14,1408.65,872640000,1,1,0
1556,6130808.13,494126.05,1398.12,872985600,1,1,0
1557,6130812.98,495629.13,1393.48,872985600,1,1,0
1558,6123018.47,492624.99,1366.24,873763200,1,1,0
1559,6124313.08,491874.54,1368.07,873590400,1,1,0
1560,6125616.98,494124.59,1365.51,873504000,1,1,0
1561,6124314.3,494870.24,1363.56,873590400,1,1,0
1562,6123019.33,494124.84,1365.29,873763200,1,1,0
1563,6129516.67,491872.51,1384.49,873072000,1,1,0
1564,6132112.15,496382.73,1404.08,872985600,1,1,0
1565,6132054.71,491885.3,1414.19,872640000,1,1,0
1566,6126911.23,497873.3,1359.68,874108800,1,1,0
1567,6125613.46,497127.25,1360.86,871948800,1,1,0
1568,6117815.37,500115.51,1355.83,877478400,1,1,0
1569,6117819.4,498624.85,1356.19,877392000,1,1,0
1571,6121724.25,499376.17,1356.93,877478400,1,1,0
1572,6124315.2,493371.81,1364.72,873590400,1,1,0
1573,6121718.89,500876.7,1354.54,897264000,1,1,0
1576,6128208.83,497120.51,1365.12,873244800,1,1,0
1577,6123016.67,497125.13,1360.3,872985600,1,1,0
1578,6124318.75,500870.82,1355.38,873158400,1,1,0
1579,6119118.73,497877.43,1359.69,877392000,1,1,0
1580,6126918.34,500872.11,1355.01,886377600,1,1,0
1581,6123017.38,498625.51,1357.31,872985600,1,1,0
1582,6124316.78,499372.94,1357.71,871948800,1,1,0
1583,6120419.1,500124.21,1356.5,877478400,1,1,0
1584,6120402.73,498628.85,1359.61,877219200,1,1,0
1585,6120420.11,497121.96,1361.02,877219200,1,1,0
1586,6126915.46,496370.08,1361.64,874108800,1,1,0
1587,6130813.27,492627.6,1400.72,872985600,1,1,0
1588,6128212.76,498622.66,1363.24,873849600,1,1,0
1589,6123016.78,495621.31,1364.46,873763200,1,1,0
1590,6119115,499381.4,1358.11,877824000,1,1,0
1591,6121717.54,502374.25,1352.47,897436800,1,1,0
1592,6115218.63,497131.21,1359.88,877996800,1,1,0
1593,6115222.98,498629.65,1356.16,877305600,1,1,0
1594,6128209.01,494126.62,1367.44,873158400,1,1,0
1595,6128210.01,495626.55,1364.9,873072000,1,1,0
1596,6126913.91,494872.79,1364.5,873158400,1,1,0
1597,6125618.35,492627.84,1366.24,873504000,1,1,0
1598,6125603.16,498638.49,1357.98,873849600,1,1,0
1599,6126912.67,499370.01,1356.85,873849600,1,1,0
1600,6123020.37,506128.88,1347.11,886982400,1,1,0
1601,6119118.31,496376.96,1361.12,877392000,1,1,0
1602,6117822.65,497124.73,1358.82,877132800,1,1,0
1603,6120413.68,507627.41,1346.16,886982400,1,1,0
1604,6125623.93,500117,1355.59,877824000,1,1,0
1605,6125618.3,495624.48,1362.42,873590400,1,1,0
1606,6130815.72,497123.84,1386.95,873244800,1,1,0
1607,6126913.89,491871.86,1368.39,873849600,1,1,0
1608,6126917.24,493373.39,1367.63,873504000,1,1,0
1609,6129509.34,496379.15,1377.83,873244800,1,1,0
1610,6117818.46,507623.44,1344.89,887155200,1,1,0
1611,6116518.95,500874.72,1353.16,877478400,1,1,0
1612,6116520.79,499377.54,1354.49,877478400,1,1,0
1613,6119108.43,508374.97,1343.99,887068800,1,1,0
1614,6123023.11,500124.97,1355.07,873072000,1,1,0
1615,6124327.27,496373.27,1361.06,871948800,1,1,0
1616,6123013.11,501626.92,1353.46,873158400,1,1,0
1617,6124324.17,497876.88,1359.64,871948800,1,1,0
1619,6115220.01,500130.31,1354.96,878342400,1,1,0
1620,6129515,499376.99,1374.75,881366400,1,1,0
1621,6117818.02,506127.41,1347.37,887068800,1,1,0
1623,6116521.11,503876.56,1349.67,883526400,1,1,0
1624,6121712.8,506877.61,1346.65,886982400,1,1,0
1626,6121715.69,505374.38,1348.92,887068800,1,1,0
1628,6119115.79,506873.1,1346.75,887068800,1,1,0
1629,6116518.43,505376.47,1348.74,887068800,1,1,0
1630,6120419.94,506128.17,1347.97,886982400,1,1,0
1631,6128216.07,500124.12,1356.18,881366400,1,1,0
1632,6117817.91,503123.58,1352.46,883526400,1,1,0
1633,6121718.05,503879.21,1350.57,877996800,1,1,0
1634,6117825.69,504625.56,1348.97,877737600,1,1,0
1635,6116517.69,506876.72,1346.34,887068800,1,1,0
1636,6117813.34,501628.72,1354.46,878342400,1,1,0
1637,6119112.41,500874.98,1356.83,877737600,1,1,0
1638,6126913.29,502379.98,1352.63,887068800,1,1,0
1639,6119112.55,503879.87,1349.22,877737600,1,1,0
1640,6116512.78,497883.96,1358.35,877305600,1,1,0
1641,6121720.4,496378.08,1360.69,877305600,1,1,0
1642,6116520.38,496376.91,1358.94,877132800,1,1,0
1643,6121716.24,497879.48,1358.69,877478400,1,1,0
1644,6120429.39,504622.38,1348.32,877737600,1,1,0
1645,6124317.28,503878.2,1351.75,887068800,1,1,0
1646,6120421.34,503124.46,1350.38,877996800,1,1,0
1647,6123016.53,503124.61,1350.86,886896000,1,1,0
1648,6116523.51,502383.89,1352.37,883526400,1,1,0
1649,6128214.69,501608.2,1354.24,887846400,1,1,0
1650,6129511.86,500874.13,1359.77,881366400,1,1,0
1651,6125610.41,501627.94,1353.27,887068800,1,1,0
1652,6125609.15,503126.76,1351.13,887068800,1,1,0
1653,6119120.42,505376.82,1348.53,887068800,1,1,0
1654,6130813.35,498624.97,1404.47,898732800,1,1,0
1655,6119117.1,502376.41,1353.29,877737600,1155940417,1,0
1656,6120417.48,501627.95,1355.03,877996800,1,1,0
1657,6123016.11,504624.65,1349.63,887068800,1,1,0
1658,6124316.97,502376.31,1353.73,886896000,1,1,0
1659,6132129.51,499386.03,1385.32,888451200,1,1,0
1660,6130812.35,500126.66,1375.02,888451200,1,1,0
1661,6123030.95,462622.31,1446.06,897436800,1,1,0
1662,6130815.9,501626.78,1371.47,888451200,1,1,0
1663,6132107.85,497884.85,1397.91,888451200,1,1,0
1664,6133401.66,497122.42,1412.12,888192000,1,1,0
1665,6128214.61,504628.18,1350.03,887846400,1,1,0
1666,6133423.59,498622.95,1404.85,888451200,1256395153,1,0
1667,6126916.87,505378.56,1348.23,887068800,1,1,0
1668,6129512.68,503877.05,1351.15,886896000,1,1,0
1669,6129514.4,502380.1,1355.79,884390400,1,1,0
1670,6128216.5,503129.57,1352.75,886377600,1,1,0
1671,6124325.08,505375.51,1349.45,887846400,1,1,0
1672,6125614.91,506126.26,1348.44,886982400,1,1,0
1673,6125611.68,504626.14,1350.09,887068800,1,1,0
1674,6126918.46,503875.29,1351.55,887068800,1,1,0
1675,6123012.05,507627.01,1346.04,886982400,1,1,0
1676,6121721.51,508368.73,1344.38,886982400,1,1,0
1677,6124317.69,506875.13,1346.14,887068800,1,1,0
1678,6115219.39,507624.45,1345.4,887068800,1,1,0
1679,6113918.58,506874.4,1347.93,887155200,1,1,0
1680,6113920.14,505376.83,1349.18,887155200,1,1,0
1681,6112639.18,504621.87,1351.5,887155200,1,1,0
1682,6115220.04,506124.49,1346.91,888192000,1,1,0
1683,6113897.56,502458.2,1352.79,901324800,1,1,0
1684,6115220.23,503127.65,1350.48,883526400,1,1,0
1685,6112465.11,503119.88,1352.44,888710400,1,1,0
1686,6111315.24,502380.49,1352.43,891648000,1,1,0
1687,6115220.51,504624.7,1348.8,888192000,1,1,0
1688,6115224.01,501628.32,1351.13,883526400,1,1,0
1689,6113927.67,503874.8,1350.58,888192000,1,1,0
1690,6111325.8,500876.51,1355.82,891648000,1,1,0
1691,6110033.87,501624,1355.17,891734400,1,1,0
1692,6112601.02,501621.84,1354.16,894153600,1,1,0
1693,6107431.58,492623.91,1365.77,892944000,1,1,0
1694,6113825.22,500895.35,1352.33,906249600,1,1,0
1695,6106137.37,466382.19,1421.97,893030400,1,1,0
1696,6108728.09,499376.34,1358.4,891734400,1,1,0
1697,6108726.62,497877.45,1361.1,891734400,1,1,0
1698,6111320.65,497869.53,1358.2,891388800,1,1,0
1699,6110038.19,500129.57,1357.94,891993600,1,1,0
1700,6112617.39,498626.34,1358.79,891302400,1,1,0
1701,6112623.97,500123.61,1355.42,891302400,1,1,0
1702,6107414.7,491134.88,1370.16,892944000,1,1,0
1703,6111318.93,496372.77,1360.56,891475200,1,1,0
1704,6113922.5,499382.75,1354.18,891043200,1,1,0
1705,6110027.04,494122.78,1363.02,891907200,1,1,0
1706,6110021.4,495625.69,1360.12,891129600,1,1,0
1707,6108737.04,491857.4,1366.63,891820800,1,1,0
1708,6108724.61,490373.26,1370.51,891820800,1,1,0
1709,6110024.45,498626.29,1358.26,891734400,1,1,0
1710,6111322.08,499374.42,1356.34,891388800,1,1,0
1711,6113924.16,497877.92,1356.19,891043200,1,1,0
1712,6108733.62,493377.15,1363.79,892944000,1,1,0
1713,6100929.85,482877.41,1383.8,892425600,1,1,0
1714,6102236.2,485128.27,1380.73,887673600,1,1,0
1715,6099624.69,482130.76,1385.35,892425600,1,1,0
1716,6100934.62,484378.55,1382.41,892425600,1,1,0
1717,6106134.52,469376.02,1413.44,893030400,1,1,0
1718,6103532.27,485871.55,1379.4,892339200,1,1,0
1719,6106141.34,467860.5,1418.42,891734400,1,1,0
1720,6103534.96,484373.03,1383.23,892339200,1,1,0
1721,6106133.84,461874.91,1439.86,888451200,1,1,0
1722,6104812.47,461122.52,1441.06,888451200,1,1,0
1723,6106127.82,458872.02,1460.79,888451200,1,1,0
1724,6106143.08,460378.31,1450.4,888710400,1,1,0
1725,6104836.05,458127.11,1460.68,895881600,1,1,0
1726,6106135.46,457373.19,1470.75,895968000,1,1,0
1727,6104840.79,459630.39,1450.43,895881600,1,1,0
1728,6104841.59,456623.26,1469.55,895881600,1,1,0
1729,6107436.97,459623.45,1460.3,896140800,1,1,0
1730,6106128.84,455877.69,1479.92,895968000,1,1,0
1731,6107434.79,456622.46,1483.34,896140800,1,1,0
1732,6107427.98,458123.83,1470.59,896140800,1,1,0
1733,6108736.59,458876.57,1472.57,896227200,1,1,0
1734,6108738.39,455880.61,1496.22,896140800,1,1,0
1735,6107436.37,461131.86,1448.84,896227200,1,1,0
1736,6108729.77,457377.62,1484.93,896572800,1,1,0
1737,6110028.72,459624.46,1471.32,900806400,1,1,0
1738,6110028.45,456626.08,1496.98,900806400,1,1,0
1739,6110026.06,458132.24,1484.08,896572800,1,1,0
1740,6110025.45,461123.95,1459.71,896745600,1,1,0
1741,6108735.29,461873.67,1448.38,900806400,1,1,0
1742,6111322.28,457377.29,1496.31,900806400,1,1,0
1743,6110025.58,462628.93,1445.66,900806400,1,1,0
1744,6111325.83,458877.63,1482.32,900806400,1,1,0
1745,6108726.75,463378.89,1436.26,893203200,1,1,0
1746,6107435.09,462624.85,1438.94,892857600,1,1,0
1747,6108732.19,460380.09,1459.74,896572800,1,1,0
1748,6103534.93,463375.79,1432.34,906249600,1,1,0
1749,6103534.37,461873.5,1437.89,892944000,1,1,0
1750,6102249.58,465625.77,1422.32,906249600,1,1,0
1751,6106281.76,463341.15,1436.45,896832000,1,1,0
1752,6106140.29,464866.15,1430.48,893030400,1,1,0
1753,6102228.5,467130.62,1417.7,896832000,1,1,0
1754,6103424.78,464873.74,1425.97,906249600,1,1,0
1755,6111327.07,455873.61,1509.3,901411200,1,1,0
1756,6103534.82,469373.85,1412.4,949674955,979985660,1,0
1757,6104617.53,462721.54,1436.92,949680762,1,1,0
1758,6103533.7,466373.67,1422.03,949679647,1,1,0
1759,6103528.82,467877.47,1414.76,949674955,979993486,1,0
1778,6104827.34,464128.34,1422.28,1045316427,1,1,0
1779,6116533.88,469382.3,1422.56,953337600,1,1,0
1781,6120407.79,465624.18,1432.72,951436800,1,1,0
1782,6090540.22,455876.77,1430.76,954115200,1,1,0
1783,6090520.51,454374.79,1434.11,1004371356,1,1,0
1784,6094460.9,458126.71,1435.82,954028800,1,1,0
1785,6095758.5,457367.87,1444.27,954028800,1,1,0
1787,6093144.88,454373.62,1440.9,954115200,1,1,0
1789,6091987.87,452037.04,1444.47,951868800,1,1,0
1791,6107603.04,465782.34,1429.03,966384000,1,1,0
1793,6104832.02,464126.89,1432.28,949767552,1039803309,1,0
1794,6104842.12,465633.73,1424.82,950486400,1038931431,1,0
1795,6104830.61,467118.25,1419.92,949757417,1,1,0
1796,6104821.47,468624.41,1404.94,949761060,1039402602,1,0
1797,6108724.83,466377.86,1430.09,951091200,1039522041,1,0
1798,6107293.24,468623.3,1417.64,949762114,1,1,0
1799,6102238.68,464128.09,1420.14,975763350,1031676232,1,0
1800,6100895.37,469295.27,1411.48,950400000,1,1,0
1801,6094493.33,453640.66,1448.07,954028800,1,1,0
1802,6082757.23,461874.62,1400.39,921369600,1,1,0
1803,6107632.53,488096.83,1374.5,922579200,1,1,0
1804,6107496.58,489602.46,1372.66,922579200,1,1,0
1806,6091844.62,455126.61,1435.78,954115200,1,1,0
1807,6107575.56,486696.34,1378.63,922579200,1,1,0
1809,6093319.03,452837.21,1449.41,954028800,1,1,0
1817,6107428.17,467111.17,1423.57,966729600,1,1,0
1818,6108690.95,464789.03,1435.06,966729600,1,1,0
1819,6107414.99,464131.93,1435.58,966988800,1,1,0
1821,6104830.54,477619.3,1396.2,970099200,1,1,0
1822,6099630.27,450624.77,1488.83,1046274392,1,1,0
1824,6102238.68,464128.09,1420.14,1039534296,1,1,0
1828,6103534.29,469373.69,1415.03,983038879,1,1,0
1834,6103528.71,467877.86,1417.26,984240472,1,1,0
1849,6104821.47,468624.41,1404.94,1042323229,1,1,0
1850,6104837.48,465634.74,1414.89,1042317333,1,1,0
1851,6108724.83,466377.86,1430.09,1042317197,1,1,0
1853,6078857.33,456625.98,1396.57,1052655178,1,1,0
1854,6113923.33,467875.11,1427.43,1065204414,1,1,0
1860,6123002.41,489635.73,1371.23,1116768263,1,1,0
1861,6123009.86,491116.41,1368.98,1116768081,1,1,0
1871,6103539.72,475380.21,1379.75,1170799583,1,1,0
1873,6097029.27,476121.81,1400.37,1180710829,1,1,0
1875,6119117.1,502376.41,1353.29,1189289143,1,1,0
1876,6108728.86,473869.27,1403.41,1196115238,1,1,0
1877,6098340.23,478375.6,1392.99,1196194388,1,1,0
1878,6109992.49,471609.37,1411.47,1194818783,1,1,0
1879,6115225.16,477630.81,1394.95,1196100349,1,1,0
1880,6112631.34,474621.29,1403.05,1195920247,1,1,0
1881,6113913.91,473873.48,1404.69,1196014150,1,1,0
1885,6073654.68,477624.93,1375.77,1241890123,1,1,0
1570,6115222.57,449871.66,1582.36,873676800,1,0,1
1574,6114579.39,449497.37,1584.89,873676800,1,0,1
1622,6114570.33,450246.21,1577.88,873676800,1,0,1
1625,6113963.05,449126.49,1580.96,873763200,1,0,1
1627,6114581.29,448748.46,1587.49,873676800,1,0,1
1760,6115869.18,450997.88,1572.71,901670400,1,0,1
1761,6115870.55,450249.22,1580.46,901670400,1,0,1
1762,6115870.5,449499.32,1586.36,906249600,1,0,1
1763,6114570.52,452497.02,1555.22,904003200,1,0,1
1764,6114576.09,450992.16,1570.21,901584000,1,0,1
1765,6114571.08,451747.36,1563.11,901584000,1,0,1
1766,6115217.09,452874.51,1554.34,904003200,1,0,1
1767,6115868.46,451749.64,1565.91,901670400,1,0,1
1768,6115872.86,453248.43,1552.25,904003200,1,0,1
1769,6115219.35,451375.4,1566.27,901584000,1,0,1
1770,6115867.97,452501.48,1558.68,904003200,1,0,1
1771,6114571.23,453244.93,1547.9,904003200,1,0,1
1772,6114574.13,453997.11,1540.84,908582400,1,0,1
1773,6113922.5,450615.5,1570.32,901584000,1,0,1
1774,6113920.77,452124.61,1555.54,904003200,1,0,1
1775,6113923.5,453624.65,1541.61,908582400,1,0,1
1776,6116522.42,452119.13,1563.55,904003200,1,0,1
1777,6116516.36,450627.76,1576.67,901670400,1,0,1
1788,6115235.12,448372.27,1584.46,1028288013,1,0,1
1790,6112630.42,448372.98,1584.75,1028833989,1,0,1
1810,6113273.93,452496.46,1549.28,936662400,1,0,1
1811,6113274,450246.47,1570.42,934243200,1,0,1
1812,6113268.8,449496.32,1574.9,936662400,1,0,1
1813,6113281.54,450995.61,1562.54,936576000,1,0,1
1814,6113274.31,453245.85,1543.1,936748800,1,0,1
1815,6113270.73,453995.97,1537.64,936748800,1,0,1
1816,6113256.66,451751.61,1555.36,936662400,1,0,1
1823,6112628.86,452875.02,1544.41,999605110,1,0,1
1825,6112629.24,451364.24,1557.45,999605110,1,0,1
1826,6112620.94,449872.38,1570.39,978724822,1,0,1
1827,6113220.04,448844.99,1581.54,978461666,1,0,1
1829,6113276.66,448004.34,1581.89,991087586,1,0,1
1830,6114570.32,447950.58,1592.61,998856327,1,0,1
1831,6113278.53,447257.06,1584.94,991087586,1,0,1
1832,6113922.05,447630.1,1589.99,991087585,1,0,1
1833,6114573.79,447249.53,1596.67,991082997,1,0,1
1838,6111976.08,453259.19,1538.53,998863567,1,0,1
1839,6111975.54,451007.64,1556.61,999605110,1,0,1
1840,6111972.41,452501,1545.07,999361582,1,0,1
1841,6111975.35,449498.84,1566.95,999605110,1,0,1
1842,6111315.38,450627.78,1555.88,998863567,1,0,1
1843,6111322,452123.72,1544.15,998877162,1,0,1
1844,6111962.67,450252.44,1562.08,999533712,1,0,1
1845,6111970.53,451751.58,1551.61,999603661,1,0,1
